-- MySQL dump 10.13  Distrib 8.0.36, for Linux (x86_64)
--
-- Host: localhost    Database: hayat_prod_db
-- ------------------------------------------------------
-- Server version	8.0.36-0ubuntu0.20.04.1

/*!40101 SET @OLD_CHARACTER_SET_CLIENT=@@CHARACTER_SET_CLIENT */;
/*!40101 SET @OLD_CHARACTER_SET_RESULTS=@@CHARACTER_SET_RESULTS */;
/*!40101 SET @OLD_COLLATION_CONNECTION=@@COLLATION_CONNECTION */;
/*!50503 SET NAMES utf8mb4 */;
/*!40103 SET @OLD_TIME_ZONE=@@TIME_ZONE */;
/*!40103 SET TIME_ZONE='+00:00' */;
/*!40014 SET @OLD_UNIQUE_CHECKS=@@UNIQUE_CHECKS, UNIQUE_CHECKS=0 */;
/*!40014 SET @OLD_FOREIGN_KEY_CHECKS=@@FOREIGN_KEY_CHECKS, FOREIGN_KEY_CHECKS=0 */;
/*!40101 SET @OLD_SQL_MODE=@@SQL_MODE, SQL_MODE='NO_AUTO_VALUE_ON_ZERO' */;
/*!40111 SET @OLD_SQL_NOTES=@@SQL_NOTES, SQL_NOTES=0 */;

--
-- Table structure for table `blood_bags`
--

DROP TABLE IF EXISTS `blood_bags`;
/*!40101 SET @saved_cs_client     = @@character_set_client */;
/*!50503 SET character_set_client = utf8mb4 */;
CREATE TABLE `blood_bags` (
  `blood_category` enum('A+','A-','B+','B-','AB+','AB-','O+','O-') NOT NULL,
  `quantity` int NOT NULL,
  `situation` enum('Stable','Soon Shortage','Critic') NOT NULL,
  `center_id` int NOT NULL,
  `id` int NOT NULL AUTO_INCREMENT,
  `created_at` datetime DEFAULT NULL,
  `updated_at` datetime DEFAULT NULL,
  PRIMARY KEY (`id`),
  KEY `center_id` (`center_id`),
  CONSTRAINT `blood_bags_ibfk_1` FOREIGN KEY (`center_id`) REFERENCES `transfusion_centers` (`id`)
) ENGINE=InnoDB AUTO_INCREMENT=25 DEFAULT CHARSET=utf8mb4 COLLATE=utf8mb4_0900_ai_ci;
/*!40101 SET character_set_client = @saved_cs_client */;

--
-- Dumping data for table `blood_bags`
--

LOCK TABLES `blood_bags` WRITE;
/*!40000 ALTER TABLE `blood_bags` DISABLE KEYS */;
INSERT INTO `blood_bags` VALUES ('A+',30,'Stable',1,1,'2024-02-09 16:01:46','2024-02-09 16:01:46'),('A-', 19,'Soon Shortage',1,2,'2024-02-09 16:01:46','2024-02-09 16:01:46'),('B+',30,'Stable',1,3,'2024-02-09 16:01:46','2024-02-09 16:01:46'),('B-',30,'Stable',1,4,'2024-02-09 16:01:46','2024-02-09 16:01:46'),('AB+',30,'Stable',1,5,'2024-02-09 16:01:46','2024-02-09 16:01:46'),('AB-',30,'Stable',1,6,'2024-02-09 16:01:46','2024-02-09 16:01:46'),('O+',6,'Critic',1,7,'2024-02-09 16:01:46','2024-02-09 16:01:46'),('O-',30,'Stable',1,8,'2024-02-09 16:01:46','2024-02-09 16:01:46'),('A+',15,'Soon Shortage',2,9,'2024-02-09 15:55:56','2024-02-09 15:55:56'),('A-',30,'Stable',2,10,'2024-02-09 15:55:56','2024-02-09 15:55:56'),('B+',6,'Critic',2,11,'2024-02-09 15:55:56','2024-02-09 15:55:56'),('B-',30,'Stable',2,12,'2024-02-09 15:55:56','2024-02-09 15:55:56'),('AB+',36,'Stable',2,13,'2024-02-09 15:55:56','2024-02-09 15:55:56'),('AB-',18,'Soon Shortage',2,14,'2024-02-09 15:55:56','2024-02-09 15:55:56'),('O+',30,'Stable',2,15,'2024-02-09 15:55:56','2024-02-09 15:55:56'),('O-',30,'Stable',2,16,'2024-02-09 15:55:56','2024-02-09 15:55:56'),('A+',30,'Stable',3,17,'2024-02-09 18:05:30','2024-02-09 18:05:30'),('A-',30,'Stable',3,18,'2024-02-09 18:05:30','2024-02-09 18:05:30'),('B+',30,'Stable',3,19,'2024-02-09 18:05:30','2024-02-09 18:05:30'),('B-',30,'Stable',3,20,'2024-02-09 18:05:30','2024-02-09 18:05:30'),('AB+',30,'Stable',3,21,'2024-02-09 18:05:30','2024-02-09 18:05:30'),('AB-',30,'Stable',3,22,'2024-02-09 18:05:30','2024-02-09 18:05:30'),('O+',30,'Stable',3,23,'2024-02-09 18:05:30','2024-02-09 18:05:30'),('O-',30,'Stable',3,24,'2024-02-09 18:05:30','2024-02-09 18:05:30');
/*!40000 ALTER TABLE `blood_bags` ENABLE KEYS */;
UNLOCK TABLES;

--
-- Table structure for table `cities`
--

DROP TABLE IF EXISTS `cities`;
/*!40101 SET @saved_cs_client     = @@character_set_client */;
/*!50503 SET character_set_client = utf8mb4 */;
CREATE TABLE `cities` (
  `name` varchar(50) NOT NULL,
  `country_id` int NOT NULL,
  `id` int NOT NULL AUTO_INCREMENT,
  `created_at` datetime DEFAULT NULL,
  `updated_at` datetime DEFAULT NULL,
  PRIMARY KEY (`id`),
  KEY `country_id` (`country_id`),
  CONSTRAINT `cities_ibfk_1` FOREIGN KEY (`country_id`) REFERENCES `countries` (`id`)
) ENGINE=InnoDB AUTO_INCREMENT=1239 DEFAULT CHARSET=utf8mb4 COLLATE=utf8mb4_0900_ai_ci;
/*!40101 SET character_set_client = @saved_cs_client */;

--
-- Dumping data for table `cities`
--

LOCK TABLES `cities` WRITE;
/*!40000 ALTER TABLE `cities` DISABLE KEYS */;
INSERT INTO `cities` VALUES ('Rouiba',1,1,'2024-02-09 16:34:03','2024-02-09 16:34:03'),('Bougara',1,2,'2024-02-09 16:34:03','2024-02-09 16:34:03'),('Tiaret',1,3,'2024-02-09 16:34:03','2024-02-09 16:34:03'),('Azazga',1,4,'2024-02-09 16:34:03','2024-02-09 16:34:03'),('Illizi',1,5,'2024-02-09 16:34:03','2024-02-09 16:34:03'),('Annaba',1,6,'2024-02-09 16:34:03','2024-02-09 16:34:03'),('Relizane',1,7,'2024-02-09 16:34:03','2024-02-09 16:34:03'),('Blida',1,8,'2024-02-09 16:34:03','2024-02-09 16:34:03'),('Laghouat',1,9,'2024-02-09 16:34:03','2024-02-09 16:34:03'),('Batna City',1,10,'2024-02-09 16:34:03','2024-02-09 16:34:03'),('Bordj',1,11,'2024-02-09 16:34:03','2024-02-09 16:34:03'),('Tlemcen',1,12,'2024-02-09 16:34:03','2024-02-09 16:34:03'),('Jijel',1,13,'2024-02-09 16:34:03','2024-02-09 16:34:03'),('Kouba',1,14,'2024-02-09 16:34:03','2024-02-09 16:34:03'),('Ouargla',1,15,'2024-02-09 16:34:03','2024-02-09 16:34:03'),('Tissemsilt',1,16,'2024-02-09 16:34:03','2024-02-09 16:34:03'),('Djelfa',1,17,'2024-02-09 16:34:03','2024-02-09 16:34:03'),('Oued Smar',1,18,'2024-02-09 16:34:03','2024-02-09 16:34:03'),('El Tarf',1,19,'2024-02-09 16:34:03','2024-02-09 16:34:03'),('Tizi Ouzou',1,20,'2024-02-09 16:34:03','2024-02-09 16:34:03'),('Saida',1,21,'2024-02-09 16:34:03','2024-02-09 16:34:03'),('Cheraga',1,22,'2024-02-09 16:34:03','2024-02-09 16:34:03'),('Tamanghasset',1,23,'2024-02-09 16:34:03','2024-02-09 16:34:03'),('Bordj Bou Arreridj',1,24,'2024-02-09 16:34:03','2024-02-09 16:34:03'),('Constantine',1,25,'2024-02-09 16:34:03','2024-02-09 16:34:03'),('Chlef',1,26,'2024-02-09 16:34:03','2024-02-09 16:34:03'),('Tizi',1,27,'2024-02-09 16:34:03','2024-02-09 16:34:03'),('Oran',1,28,'2024-02-09 16:34:03','2024-02-09 16:34:03'),('Hussein Dey',1,29,'2024-02-09 16:34:03','2024-02-09 16:34:03'),('Draria',1,30,'2024-02-09 16:34:03','2024-02-09 16:34:03'),('Souk Ahras',1,31,'2024-02-09 16:34:03','2024-02-09 16:34:03'),('Algiers',1,32,'2024-02-09 16:34:03','2024-02-09 16:34:03'),('Saurimo',2,33,'2024-02-09 16:34:03','2024-02-09 16:34:03'),('Cabinda',2,34,'2024-02-09 16:34:03','2024-02-09 16:34:03'),('Lubango',2,35,'2024-02-09 16:34:03','2024-02-09 16:34:03'),('Ondjiva',2,36,'2024-02-09 16:34:03','2024-02-09 16:34:03'),('Namibe',2,37,'2024-02-09 16:34:03','2024-02-09 16:34:03'),('Luanda',2,38,'2024-02-09 16:34:03','2024-02-09 16:34:03'),('Camabatela',2,39,'2024-02-09 16:34:03','2024-02-09 16:34:03'),('Huambo',2,40,'2024-02-09 16:34:03','2024-02-09 16:34:03'),('Piri',2,41,'2024-02-09 16:34:03','2024-02-09 16:34:03'),('Menongue',2,42,'2024-02-09 16:34:03','2024-02-09 16:34:03'),('Talatona',2,43,'2024-02-09 16:34:03','2024-02-09 16:34:03'),('Lobito',2,44,'2024-02-09 16:34:03','2024-02-09 16:34:03'),('Muxaluando',2,45,'2024-02-09 16:34:03','2024-02-09 16:34:03'),('Cazeta',2,46,'2024-02-09 16:34:03','2024-02-09 16:34:03'),('Ambriz',2,47,'2024-02-09 16:34:03','2024-02-09 16:34:03'),('Lumeje',2,48,'2024-02-09 16:34:03','2024-02-09 16:34:03'),('Benguela',2,49,'2024-02-09 16:34:03','2024-02-09 16:34:03'),('Lucapa',2,50,'2024-02-09 16:34:03','2024-02-09 16:34:03'),('Malanje',2,51,'2024-02-09 16:34:03','2024-02-09 16:34:03'),('Cacole',2,52,'2024-02-09 16:34:03','2024-02-09 16:34:03'),('Kuito',2,53,'2024-02-09 16:34:03','2024-02-09 16:34:03'),('Collines',3,54,'2024-02-09 16:34:03','2024-02-09 16:34:03'),('Kouffo',3,55,'2024-02-09 16:34:03','2024-02-09 16:34:03'),('Alibori',3,56,'2024-02-09 16:34:03','2024-02-09 16:34:03'),('Plateau',3,57,'2024-02-09 16:34:03','2024-02-09 16:34:03'),('Donga',3,58,'2024-02-09 16:34:03','2024-02-09 16:34:03'),('Mono',3,59,'2024-02-09 16:34:03','2024-02-09 16:34:03'),('Zou',3,60,'2024-02-09 16:34:03','2024-02-09 16:34:03'),('Atakora',3,61,'2024-02-09 16:34:03','2024-02-09 16:34:03'),('Oueme',3,62,'2024-02-09 16:34:03','2024-02-09 16:34:03'),('Atlantique',3,63,'2024-02-09 16:34:03','2024-02-09 16:34:03'),('Littoral',3,64,'2024-02-09 16:34:03','2024-02-09 16:34:03'),('Borgou',3,65,'2024-02-09 16:34:03','2024-02-09 16:34:03'),('Village',4,66,'2024-02-09 16:34:03','2024-02-09 16:34:03'),('Gaborone',4,67,'2024-02-09 16:34:03','2024-02-09 16:34:03'),('Francistown',4,68,'2024-02-09 16:34:03','2024-02-09 16:34:03'),('Orapa',4,69,'2024-02-09 16:34:03','2024-02-09 16:34:03'),('Serowe',4,70,'2024-02-09 16:34:03','2024-02-09 16:34:03'),('Tuy',5,71,'2024-02-09 16:34:03','2024-02-09 16:34:03'),('Mouhoun',5,72,'2024-02-09 16:34:03','2024-02-09 16:34:03'),('Bale',5,73,'2024-02-09 16:34:03','2024-02-09 16:34:03'),('Boulgou',5,74,'2024-02-09 16:34:03','2024-02-09 16:34:03'),('Gourma',5,75,'2024-02-09 16:34:03','2024-02-09 16:34:03'),('Nahouri',5,76,'2024-02-09 16:34:03','2024-02-09 16:34:03'),('Sourou',5,77,'2024-02-09 16:34:03','2024-02-09 16:34:03'),('Comoe',5,78,'2024-02-09 16:34:03','2024-02-09 16:34:03'),('Ganzourgou',5,79,'2024-02-09 16:34:03','2024-02-09 16:34:03'),('Kossi',5,80,'2024-02-09 16:34:03','2024-02-09 16:34:03'),('Zoundweogo',5,81,'2024-02-09 16:34:03','2024-02-09 16:34:03'),('Ziro',5,82,'2024-02-09 16:34:03','2024-02-09 16:34:03'),('Passore',5,83,'2024-02-09 16:34:03','2024-02-09 16:34:03'),('Yatenga',5,84,'2024-02-09 16:34:03','2024-02-09 16:34:03'),('Houet',5,85,'2024-02-09 16:34:03','2024-02-09 16:34:03'),('Sissili',5,86,'2024-02-09 16:34:03','2024-02-09 16:34:03'),('Seno',5,87,'2024-02-09 16:34:03','2024-02-09 16:34:03'),('Loroum',5,88,'2024-02-09 16:34:03','2024-02-09 16:34:03'),('Sanguie',5,89,'2024-02-09 16:34:03','2024-02-09 16:34:03'),('Noumbiel',5,90,'2024-02-09 16:34:03','2024-02-09 16:34:03'),('Namentenga',5,91,'2024-02-09 16:34:03','2024-02-09 16:34:03'),('Nayala',5,92,'2024-02-09 16:34:03','2024-02-09 16:34:03'),('Boulkiemde',5,93,'2024-02-09 16:34:03','2024-02-09 16:34:03'),('Kompienga',5,94,'2024-02-09 16:34:03','2024-02-09 16:34:03'),('Oudalan',5,95,'2024-02-09 16:34:03','2024-02-09 16:34:03'),('Bazega',5,96,'2024-02-09 16:34:03','2024-02-09 16:34:03'),('Kourweogo',5,97,'2024-02-09 16:34:03','2024-02-09 16:34:03'),('Bam',5,98,'2024-02-09 16:34:03','2024-02-09 16:34:03'),('Ioba',5,99,'2024-02-09 16:34:03','2024-02-09 16:34:03'),('Yagha',5,100,'2024-02-09 16:34:03','2024-02-09 16:34:03'),('Zondoma',5,101,'2024-02-09 16:34:03','2024-02-09 16:34:03'),('Gnagna',5,102,'2024-02-09 16:34:03','2024-02-09 16:34:03'),('Poni',5,103,'2024-02-09 16:34:03','2024-02-09 16:34:03'),('Bougouriba',5,104,'2024-02-09 16:34:03','2024-02-09 16:34:03'),('Oubritenga',5,105,'2024-02-09 16:34:03','2024-02-09 16:34:03'),('Leraba',5,106,'2024-02-09 16:34:03','2024-02-09 16:34:03'),('Soum',5,107,'2024-02-09 16:34:03','2024-02-09 16:34:03'),('Kenedougou',5,108,'2024-02-09 16:34:03','2024-02-09 16:34:03'),('Kouritenga',5,109,'2024-02-09 16:34:03','2024-02-09 16:34:03'),('Tapoa',5,110,'2024-02-09 16:34:03','2024-02-09 16:34:03'),('Banwa',5,111,'2024-02-09 16:34:03','2024-02-09 16:34:03'),('Sanmatenga',5,112,'2024-02-09 16:34:03','2024-02-09 16:34:03'),('Kadiogo',5,113,'2024-02-09 16:34:03','2024-02-09 16:34:03'),('Komondjari',5,114,'2024-02-09 16:34:03','2024-02-09 16:34:03'),('Koulpelogo',5,115,'2024-02-09 16:34:03','2024-02-09 16:34:03'),('Rutana',6,116,'2024-02-09 16:34:03','2024-02-09 16:34:03'),('Makamba',6,117,'2024-02-09 16:34:03','2024-02-09 16:34:03'),('Cibitoke',6,118,'2024-02-09 16:34:03','2024-02-09 16:34:03'),('Ruyigi',6,119,'2024-02-09 16:34:03','2024-02-09 16:34:03'),('Kayanza',6,120,'2024-02-09 16:34:03','2024-02-09 16:34:03'),('Gitega',6,121,'2024-02-09 16:34:03','2024-02-09 16:34:03'),('Bubanza',6,122,'2024-02-09 16:34:03','2024-02-09 16:34:03'),('Bujumbura Mairie',6,123,'2024-02-09 16:34:03','2024-02-09 16:34:03'),('Bujumbura Rural',6,124,'2024-02-09 16:34:03','2024-02-09 16:34:03'),('Muyinga',6,125,'2024-02-09 16:34:03','2024-02-09 16:34:03'),('Ngozi',6,126,'2024-02-09 16:34:03','2024-02-09 16:34:03'),('Kirundo',6,127,'2024-02-09 16:34:03','2024-02-09 16:34:03'),('Mwaro',6,128,'2024-02-09 16:34:03','2024-02-09 16:34:03'),('Muramvya',6,129,'2024-02-09 16:34:03','2024-02-09 16:34:03'),('Karuzi',6,130,'2024-02-09 16:34:03','2024-02-09 16:34:03'),('Cankuzo',6,131,'2024-02-09 16:34:03','2024-02-09 16:34:03'),('Bururi',6,132,'2024-02-09 16:34:03','2024-02-09 16:34:03'),('Ringo',7,133,'2024-02-09 16:34:03','2024-02-09 16:34:03'),('Kumba',7,134,'2024-02-09 16:34:03','2024-02-09 16:34:03'),('Tibati',7,135,'2024-02-09 16:34:03','2024-02-09 16:34:03'),('Bamenda',7,136,'2024-02-09 16:34:03','2024-02-09 16:34:03'),('Buea',7,137,'2024-02-09 16:34:03','2024-02-09 16:34:03'),('Bafia',7,138,'2024-02-09 16:34:03','2024-02-09 16:34:03'),('Douala',7,139,'2024-02-09 16:34:03','2024-02-09 16:34:03'),('Kribi',7,140,'2024-02-09 16:34:03','2024-02-09 16:34:03'),('Bafoussam',7,141,'2024-02-09 16:34:03','2024-02-09 16:34:03'),('Nana-Mambere',8,142,'2024-02-09 16:34:03','2024-02-09 16:34:03'),('Mbomou',8,143,'2024-02-09 16:34:03','2024-02-09 16:34:03'),('Bangui',8,144,'2024-02-09 16:34:03','2024-02-09 16:34:03'),('Sangha-Mbaere',8,145,'2024-02-09 16:34:03','2024-02-09 16:34:03'),('Ouaka',8,146,'2024-02-09 16:34:03','2024-02-09 16:34:03'),('Nana-Grebizi',8,147,'2024-02-09 16:34:03','2024-02-09 16:34:03'),('Haut-Mbomou',8,148,'2024-02-09 16:34:03','2024-02-09 16:34:03'),('Ouham',8,149,'2024-02-09 16:34:03','2024-02-09 16:34:03'),('Mambere-Kadei',8,150,'2024-02-09 16:34:03','2024-02-09 16:34:03'),('Bamingui-Bangoran',8,151,'2024-02-09 16:34:03','2024-02-09 16:34:03'),('Kemo',8,152,'2024-02-09 16:34:03','2024-02-09 16:34:03'),('Ouham-Pende',8,153,'2024-02-09 16:34:03','2024-02-09 16:34:03'),('Basse-Kotto',8,154,'2024-02-09 16:34:03','2024-02-09 16:34:03'),('Vakaga',8,155,'2024-02-09 16:34:03','2024-02-09 16:34:03'),('Ombella-Mpoko',8,156,'2024-02-09 16:34:03','2024-02-09 16:34:03'),('Lobaye',8,157,'2024-02-09 16:34:03','2024-02-09 16:34:03'),('Haute-Kotto',8,158,'2024-02-09 16:34:03','2024-02-09 16:34:03'),('Kanem',9,159,'2024-02-09 16:34:03','2024-02-09 16:34:03'),('Moyen-Chari',9,160,'2024-02-09 16:34:03','2024-02-09 16:34:03'),('Logone Occidental',9,161,'2024-02-09 16:34:03','2024-02-09 16:34:03'),('Tandjile',9,162,'2024-02-09 16:34:03','2024-02-09 16:34:03'),('Batha',9,163,'2024-02-09 16:34:03','2024-02-09 16:34:03'),('Guéra',9,164,'2024-02-09 16:34:03','2024-02-09 16:34:03'),('Mayo-Kebbi',9,165,'2024-02-09 16:34:03','2024-02-09 16:34:03'),('Biltine',9,166,'2024-02-09 16:34:03','2024-02-09 16:34:03'),('Borkou-Ennedi-Tibesti',9,167,'2024-02-09 16:34:03','2024-02-09 16:34:03'),('Chari-Baguirmi',9,168,'2024-02-09 16:34:03','2024-02-09 16:34:03'),('Salamat',9,169,'2024-02-09 16:34:03','2024-02-09 16:34:03'),('Lac',9,170,'2024-02-09 16:34:03','2024-02-09 16:34:03'),('Ouaddaï',9,171,'2024-02-09 16:34:03','2024-02-09 16:34:03'),('Logone Oriental',9,172,'2024-02-09 16:34:03','2024-02-09 16:34:03'),('Moheli (Mwali)',10,173,'2024-02-09 16:34:03','2024-02-09 16:34:03'),('Grande Comore (Njazidja)',10,174,'2024-02-09 16:34:03','2024-02-09 16:34:03'),('Anjouan (Nzwani)',10,175,'2024-02-09 16:34:03','2024-02-09 16:34:03'),('Dikhil',11,176,'2024-02-09 16:34:03','2024-02-09 16:34:03'),('Djibouti',11,177,'2024-02-09 16:34:03','2024-02-09 16:34:03'),('Ali Sabih',11,178,'2024-02-09 16:34:03','2024-02-09 16:34:03'),('Obock',11,179,'2024-02-09 16:34:03','2024-02-09 16:34:03'),('Tadjoura',11,180,'2024-02-09 16:34:03','2024-02-09 16:34:03'),('Faraskur',12,181,'2024-02-09 16:34:03','2024-02-09 16:34:03'),('Sadat',12,182,'2024-02-09 16:34:03','2024-02-09 16:34:03'),('Minya',12,183,'2024-02-09 16:34:03','2024-02-09 16:34:03'),('Alexandria',12,184,'2024-02-09 16:34:03','2024-02-09 16:34:03'),('Nasr',12,185,'2024-02-09 16:34:03','2024-02-09 16:34:03'),('Cairo',12,186,'2024-02-09 16:34:03','2024-02-09 16:34:03'),('Tanta',12,187,'2024-02-09 16:34:03','2024-02-09 16:34:03'),('Ismailia',12,188,'2024-02-09 16:34:03','2024-02-09 16:34:03'),('Giza',12,189,'2024-02-09 16:34:03','2024-02-09 16:34:03'),('Al Marj',12,190,'2024-02-09 16:34:03','2024-02-09 16:34:03'),('Ar Rawdah',12,191,'2024-02-09 16:34:03','2024-02-09 16:34:03'),('Bani Suwayf',12,192,'2024-02-09 16:34:03','2024-02-09 16:34:03'),('Sohag',12,193,'2024-02-09 16:34:03','2024-02-09 16:34:03'),('Shubra',12,194,'2024-02-09 16:34:03','2024-02-09 16:34:03'),('Shirbin',12,195,'2024-02-09 16:34:03','2024-02-09 16:34:03'),('New Cairo',12,196,'2024-02-09 16:34:03','2024-02-09 16:34:03'),('Madinat as Sadis min Uktubar',12,197,'2024-02-09 16:34:03','2024-02-09 16:34:03'),('Rafah',12,198,'2024-02-09 16:34:03','2024-02-09 16:34:03'),('Zagazig',12,199,'2024-02-09 16:34:03','2024-02-09 16:34:03'),('Al Mahallah al Kubra',12,200,'2024-02-09 16:34:03','2024-02-09 16:34:03'),('Al Mansurah',12,201,'2024-02-09 16:34:03','2024-02-09 16:34:03'),('Badr',12,202,'2024-02-09 16:34:03','2024-02-09 16:34:03'),('Luxor',12,203,'2024-02-09 16:34:03','2024-02-09 16:34:03'),('Banha',12,204,'2024-02-09 16:34:03','2024-02-09 16:34:03'),('Helwan',12,205,'2024-02-09 16:34:03','2024-02-09 16:34:03'),('Abu Hammad',12,206,'2024-02-09 16:34:03','2024-02-09 16:34:03'),('Almazah',12,207,'2024-02-09 16:34:03','2024-02-09 16:34:03'),('Kafr ash Shaykh',12,208,'2024-02-09 16:34:03','2024-02-09 16:34:03'),('Ramsis',12,209,'2024-02-09 16:34:03','2024-02-09 16:34:03'),('Hurghada',12,210,'2024-02-09 16:34:03','2024-02-09 16:34:03'),('Madinat an Nasr',12,211,'2024-02-09 16:34:03','2024-02-09 16:34:03'),('Heliopolis',12,212,'2024-02-09 16:34:03','2024-02-09 16:34:03'),('Assiut',12,213,'2024-02-09 16:34:03','2024-02-09 16:34:03'),('Az Zamalik',12,214,'2024-02-09 16:34:03','2024-02-09 16:34:03'),('Suez',12,215,'2024-02-09 16:34:03','2024-02-09 16:34:03'),('Damietta',12,216,'2024-02-09 16:34:03','2024-02-09 16:34:03'),('Port Said',12,217,'2024-02-09 16:34:03','2024-02-09 16:34:03'),('Flaminj',12,218,'2024-02-09 16:34:03','2024-02-09 16:34:03'),('Toukh',12,219,'2024-02-09 16:34:03','2024-02-09 16:34:03'),('Annobon',13,220,'2024-02-09 16:34:03','2024-02-09 16:34:03'),('Centro Sur',13,221,'2024-02-09 16:34:03','2024-02-09 16:34:03'),('Kie-Ntem',13,222,'2024-02-09 16:34:03','2024-02-09 16:34:03'),('Wele-Nzas',13,223,'2024-02-09 16:34:03','2024-02-09 16:34:03'),('Bioko Sur',13,224,'2024-02-09 16:34:03','2024-02-09 16:34:03'),('Bioko Norte',13,225,'2024-02-09 16:34:03','2024-02-09 16:34:03'),('Litoral',13,226,'2024-02-09 16:34:03','2024-02-09 16:34:03'),('Gash Barka',14,227,'2024-02-09 16:34:03','2024-02-09 16:34:03'),('Semenawi Keyih Bahri',14,228,'2024-02-09 16:34:03','2024-02-09 16:34:03'),('Debub',14,229,'2024-02-09 16:34:03','2024-02-09 16:34:03'),('Debubawi K\'eyih Bahri',14,230,'2024-02-09 16:34:03','2024-02-09 16:34:03'),('Anseba',14,231,'2024-02-09 16:34:03','2024-02-09 16:34:03'),('Ma\'akel',14,232,'2024-02-09 16:34:03','2024-02-09 16:34:03'),('Amhara',15,233,'2024-02-09 16:34:03','2024-02-09 16:34:03'),('Afar',15,234,'2024-02-09 16:34:03','2024-02-09 16:34:03'),('Oromia',15,235,'2024-02-09 16:34:03','2024-02-09 16:34:03'),('Binshangul Gumuz',15,236,'2024-02-09 16:34:03','2024-02-09 16:34:03'),('Tigray',15,237,'2024-02-09 16:34:03','2024-02-09 16:34:03'),('Addis Ababa',15,238,'2024-02-09 16:34:03','2024-02-09 16:34:03'),('Harari',15,239,'2024-02-09 16:34:03','2024-02-09 16:34:03'),('Somali',15,240,'2024-02-09 16:34:03','2024-02-09 16:34:03'),('Gambela Hizboch',15,241,'2024-02-09 16:34:03','2024-02-09 16:34:03'),('Dire Dawa',15,242,'2024-02-09 16:34:03','2024-02-09 16:34:03'),('Libreville',16,243,'2024-02-09 16:34:03','2024-02-09 16:34:03'),('Mamagnia',16,244,'2024-02-09 16:34:03','2024-02-09 16:34:03'),('Gamba',16,245,'2024-02-09 16:34:03','2024-02-09 16:34:03'),('Port-Gentil',16,246,'2024-02-09 16:34:03','2024-02-09 16:34:03'),('Moanda',16,247,'2024-02-09 16:34:03','2024-02-09 16:34:03'),('Lower River',17,248,'2024-02-09 16:34:03','2024-02-09 16:34:03'),('Western',17,249,'2024-02-09 16:34:03','2024-02-09 16:34:03'),('Upper River',17,250,'2024-02-09 16:34:03','2024-02-09 16:34:03'),('North Bank',17,251,'2024-02-09 16:34:03','2024-02-09 16:34:03'),('Central River',17,252,'2024-02-09 16:34:03','2024-02-09 16:34:03'),('Banjul',17,253,'2024-02-09 16:34:03','2024-02-09 16:34:03'),('Koforidua',18,254,'2024-02-09 16:34:03','2024-02-09 16:34:03'),('Navrongo',18,255,'2024-02-09 16:34:03','2024-02-09 16:34:03'),('Wa',18,256,'2024-02-09 16:34:03','2024-02-09 16:34:03'),('Takoradi',18,257,'2024-02-09 16:34:03','2024-02-09 16:34:03'),('Bolgatanga',18,258,'2024-02-09 16:34:03','2024-02-09 16:34:03'),('Tema',18,259,'2024-02-09 16:34:03','2024-02-09 16:34:03'),('Winneba',18,260,'2024-02-09 16:34:03','2024-02-09 16:34:03'),('Legon',18,261,'2024-02-09 16:34:03','2024-02-09 16:34:03'),('Sunyani',18,262,'2024-02-09 16:34:03','2024-02-09 16:34:03'),('Mampong',18,263,'2024-02-09 16:34:03','2024-02-09 16:34:03'),('Bawku',18,264,'2024-02-09 16:34:03','2024-02-09 16:34:03'),('Kumasi',18,265,'2024-02-09 16:34:03','2024-02-09 16:34:03'),('Accra',18,266,'2024-02-09 16:34:03','2024-02-09 16:34:03'),('Home',18,267,'2024-02-09 16:34:03','2024-02-09 16:34:03'),('Cape Coast',18,268,'2024-02-09 16:34:03','2024-02-09 16:34:03'),('Berekum',18,269,'2024-02-09 16:34:03','2024-02-09 16:34:03'),('Mamou',19,270,'2024-02-09 16:34:03','2024-02-09 16:34:03'),('Conakry',19,271,'2024-02-09 16:34:03','2024-02-09 16:34:03'),('Kalia',19,272,'2024-02-09 16:34:03','2024-02-09 16:34:03'),('Sangaredi',19,273,'2024-02-09 16:34:03','2024-02-09 16:34:03'),('Lola',19,274,'2024-02-09 16:34:03','2024-02-09 16:34:03'),('Port Kamsar',19,275,'2024-02-09 16:34:03','2024-02-09 16:34:03'),('Kankan',19,276,'2024-02-09 16:34:03','2024-02-09 16:34:03'),('Dabola',19,277,'2024-02-09 16:34:03','2024-02-09 16:34:03'),('Biombo',20,278,'2024-02-09 16:34:03','2024-02-09 16:34:03'),('Bolama',20,279,'2024-02-09 16:34:03','2024-02-09 16:34:03'),('Quinara',20,280,'2024-02-09 16:34:03','2024-02-09 16:34:03'),('Cacheu',20,281,'2024-02-09 16:34:03','2024-02-09 16:34:03'),('Bissau',20,282,'2024-02-09 16:34:03','2024-02-09 16:34:03'),('Gabu',20,283,'2024-02-09 16:34:03','2024-02-09 16:34:03'),('Oio',20,284,'2024-02-09 16:34:03','2024-02-09 16:34:03'),('Bafata',20,285,'2024-02-09 16:34:03','2024-02-09 16:34:03'),('Tombali',20,286,'2024-02-09 16:34:03','2024-02-09 16:34:03'),('Cavally',21,287,'2024-02-09 16:34:03','2024-02-09 16:34:03'),('Mankono',21,288,'2024-02-09 16:34:03','2024-02-09 16:34:03'),('Katiola',21,289,'2024-02-09 16:34:03','2024-02-09 16:34:03'),('Duekoué',21,290,'2024-02-09 16:34:03','2024-02-09 16:34:03'),('Gbêkê',21,291,'2024-02-09 16:34:03','2024-02-09 16:34:03'),('Botro',21,292,'2024-02-09 16:34:03','2024-02-09 16:34:03'),('Gagnoa',21,293,'2024-02-09 16:34:03','2024-02-09 16:34:03'),('Bouna',21,294,'2024-02-09 16:34:03','2024-02-09 16:34:03'),('Gontougo',21,295,'2024-02-09 16:34:03','2024-02-09 16:34:03'),('Gôh',21,296,'2024-02-09 16:34:03','2024-02-09 16:34:03'),('Vavoua',21,297,'2024-02-09 16:34:03','2024-02-09 16:34:03'),('Béré',21,298,'2024-02-09 16:34:03','2024-02-09 16:34:03'),('Daoukro',21,299,'2024-02-09 16:34:03','2024-02-09 16:34:03'),('Bingerville',21,300,'2024-02-09 16:34:03','2024-02-09 16:34:03'),('Toulépleu Gueré',21,301,'2024-02-09 16:34:03','2024-02-09 16:34:03'),('Abengourou',21,302,'2024-02-09 16:34:03','2024-02-09 16:34:03'),('Danané',21,303,'2024-02-09 16:34:03','2024-02-09 16:34:03'),('Lôh-Djiboua',21,304,'2024-02-09 16:34:03','2024-02-09 16:34:03'),('Issia',21,305,'2024-02-09 16:34:03','2024-02-09 16:34:03'),('Bonoua',21,306,'2024-02-09 16:34:03','2024-02-09 16:34:03'),('Guibéroua',21,307,'2024-02-09 16:34:03','2024-02-09 16:34:03'),('San-Pédro',21,308,'2024-02-09 16:34:03','2024-02-09 16:34:03'),('Ayamé',21,309,'2024-02-09 16:34:03','2024-02-09 16:34:03'),('Tiassalé',21,310,'2024-02-09 16:34:03','2024-02-09 16:34:03'),('Adiaké',21,311,'2024-02-09 16:34:03','2024-02-09 16:34:03'),('Oumé',21,312,'2024-02-09 16:34:03','2024-02-09 16:34:03'),('Odienné',21,313,'2024-02-09 16:34:03','2024-02-09 16:34:03'),('Sinfra',21,314,'2024-02-09 16:34:03','2024-02-09 16:34:03'),('Sassandra',21,315,'2024-02-09 16:34:03','2024-02-09 16:34:03'),('Guiglo',21,316,'2024-02-09 16:34:03','2024-02-09 16:34:03'),('Haut-Sassandra',21,317,'2024-02-09 16:34:03','2024-02-09 16:34:03'),('Bongouanou',21,318,'2024-02-09 16:34:03','2024-02-09 16:34:03'),('Bondoukou',21,319,'2024-02-09 16:34:03','2024-02-09 16:34:03'),('Indénié-Djuablin',21,320,'2024-02-09 16:34:03','2024-02-09 16:34:03'),('Bounkani',21,321,'2024-02-09 16:34:03','2024-02-09 16:34:03'),('Bouaké',21,322,'2024-02-09 16:34:03','2024-02-09 16:34:03'),('Grands-Ponts',21,323,'2024-02-09 16:34:03','2024-02-09 16:34:03'),('Grand-Bassam',21,324,'2024-02-09 16:34:03','2024-02-09 16:34:03'),('Folon',21,325,'2024-02-09 16:34:03','2024-02-09 16:34:03'),('Sakassou',21,326,'2024-02-09 16:34:03','2024-02-09 16:34:03'),('Abidjan',21,327,'2024-02-09 16:34:03','2024-02-09 16:34:03'),('Zuénoula',21,328,'2024-02-09 16:34:03','2024-02-09 16:34:03'),('Bafing',21,329,'2024-02-09 16:34:03','2024-02-09 16:34:03'),('Agnibilékrou',21,330,'2024-02-09 16:34:03','2024-02-09 16:34:03'),('Marahoué',21,331,'2024-02-09 16:34:03','2024-02-09 16:34:03'),('Tanda',21,332,'2024-02-09 16:34:03','2024-02-09 16:34:03'),('Agboville',21,333,'2024-02-09 16:34:03','2024-02-09 16:34:03'),('Worodougou',21,334,'2024-02-09 16:34:03','2024-02-09 16:34:03'),('Bangolo',21,335,'2024-02-09 16:34:03','2024-02-09 16:34:03'),('Séguéla',21,336,'2024-02-09 16:34:03','2024-02-09 16:34:03'),('Daloa',21,337,'2024-02-09 16:34:03','2024-02-09 16:34:03'),('Biankouma',21,338,'2024-02-09 16:34:03','2024-02-09 16:34:03'),('Anyama',21,339,'2024-02-09 16:34:03','2024-02-09 16:34:03'),('Arrah',21,340,'2024-02-09 16:34:03','2024-02-09 16:34:03'),('Hambol',21,341,'2024-02-09 16:34:03','2024-02-09 16:34:03'),('Toumodi',21,342,'2024-02-09 16:34:03','2024-02-09 16:34:03'),('Abobo',21,343,'2024-02-09 16:34:03','2024-02-09 16:34:03'),('N\'Zi',21,344,'2024-02-09 16:34:03','2024-02-09 16:34:03'),('Bocanda',21,345,'2024-02-09 16:34:03','2024-02-09 16:34:03'),('Affery',21,346,'2024-02-09 16:34:03','2024-02-09 16:34:03'),('Kabadougou',21,347,'2024-02-09 16:34:03','2024-02-09 16:34:03'),('Yamoussoukro',21,348,'2024-02-09 16:34:03','2024-02-09 16:34:03'),('Dimbokro',21,349,'2024-02-09 16:34:03','2024-02-09 16:34:03'),('Adzopé',21,350,'2024-02-09 16:34:03','2024-02-09 16:34:03'),('Béoumi',21,351,'2024-02-09 16:34:03','2024-02-09 16:34:03'),('Divo',21,352,'2024-02-09 16:34:03','2024-02-09 16:34:03'),('Akoupé',21,353,'2024-02-09 16:34:03','2024-02-09 16:34:03'),('Grand-Lahou',21,354,'2024-02-09 16:34:03','2024-02-09 16:34:03'),('Aboisso',21,355,'2024-02-09 16:34:03','2024-02-09 16:34:03'),('Gbôklé',21,356,'2024-02-09 16:34:03','2024-02-09 16:34:03'),('Bouaflé',21,357,'2024-02-09 16:34:03','2024-02-09 16:34:03'),('Touba',21,358,'2024-02-09 16:34:03','2024-02-09 16:34:03'),('Lakota',21,359,'2024-02-09 16:34:03','2024-02-09 16:34:03'),('Nawa',21,360,'2024-02-09 16:34:03','2024-02-09 16:34:03'),('Dabakala',21,361,'2024-02-09 16:34:03','2024-02-09 16:34:03'),('Moronou',21,362,'2024-02-09 16:34:03','2024-02-09 16:34:03'),('Guémon',21,363,'2024-02-09 16:34:03','2024-02-09 16:34:03'),('Tabou',21,364,'2024-02-09 16:34:03','2024-02-09 16:34:03'),('Dabou',21,365,'2024-02-09 16:34:03','2024-02-09 16:34:03'),('Tonkpi',21,366,'2024-02-09 16:34:03','2024-02-09 16:34:03'),('Agnéby-Tiassa',21,367,'2024-02-09 16:34:03','2024-02-09 16:34:03'),('Bélier',21,368,'2024-02-09 16:34:03','2024-02-09 16:34:03'),('Iffou',21,369,'2024-02-09 16:34:03','2024-02-09 16:34:03'),('Sud-Comoé',21,370,'2024-02-09 16:34:03','2024-02-09 16:34:03'),('Man',21,371,'2024-02-09 16:34:03','2024-02-09 16:34:03'),('Eldoret',22,372,'2024-02-09 16:34:03','2024-02-09 16:34:03'),('Sawa Sawa',22,373,'2024-02-09 16:34:03','2024-02-09 16:34:03'),('Kisii',22,374,'2024-02-09 16:34:03','2024-02-09 16:34:03'),('Kiambu',22,375,'2024-02-09 16:34:03','2024-02-09 16:34:03'),('Turbo',22,376,'2024-02-09 16:34:03','2024-02-09 16:34:03'),('Kitui',22,377,'2024-02-09 16:34:03','2024-02-09 16:34:03'),('Kabete',22,378,'2024-02-09 16:34:03','2024-02-09 16:34:03'),('Machakos',22,379,'2024-02-09 16:34:03','2024-02-09 16:34:03'),('Chuka',22,380,'2024-02-09 16:34:03','2024-02-09 16:34:03'),('Nakuru',22,381,'2024-02-09 16:34:03','2024-02-09 16:34:03'),('Nairobi',22,382,'2024-02-09 16:34:03','2024-02-09 16:34:03'),('Kisumu',22,383,'2024-02-09 16:34:03','2024-02-09 16:34:03'),('Siaya',22,384,'2024-02-09 16:34:03','2024-02-09 16:34:03'),('Karatina',22,385,'2024-02-09 16:34:03','2024-02-09 16:34:03'),('Kikuyu',22,386,'2024-02-09 16:34:03','2024-02-09 16:34:03'),('Mbita',22,387,'2024-02-09 16:34:03','2024-02-09 16:34:03'),('Bondo',22,388,'2024-02-09 16:34:03','2024-02-09 16:34:03'),('Thika',22,389,'2024-02-09 16:34:03','2024-02-09 16:34:03'),('Kaiboi',22,390,'2024-02-09 16:34:03','2024-02-09 16:34:03'),('Kitale',22,391,'2024-02-09 16:34:03','2024-02-09 16:34:03'),('Mombasa',22,392,'2024-02-09 16:34:03','2024-02-09 16:34:03'),('Wote',22,393,'2024-02-09 16:34:03','2024-02-09 16:34:03'),('Maseno',22,394,'2024-02-09 16:34:03','2024-02-09 16:34:03'),('Qacha\'s Nek',23,395,'2024-02-09 16:34:03','2024-02-09 16:34:03'),('Thaba-Tseka',23,396,'2024-02-09 16:34:03','2024-02-09 16:34:03'),('Mafeteng',23,397,'2024-02-09 16:34:03','2024-02-09 16:34:03'),('Leribe',23,398,'2024-02-09 16:34:03','2024-02-09 16:34:03'),('Berea',23,399,'2024-02-09 16:34:03','2024-02-09 16:34:03'),('Mohale\'s Hoek',23,400,'2024-02-09 16:34:03','2024-02-09 16:34:03'),('Butha-Buthe',23,401,'2024-02-09 16:34:03','2024-02-09 16:34:03'),('Quthing',23,402,'2024-02-09 16:34:03','2024-02-09 16:34:03'),('Maseru',23,403,'2024-02-09 16:34:03','2024-02-09 16:34:03'),('Mokhotlong',23,404,'2024-02-09 16:34:03','2024-02-09 16:34:03'),('Grand Cape Mount',24,405,'2024-02-09 16:34:03','2024-02-09 16:34:03'),('Bomi',24,406,'2024-02-09 16:34:03','2024-02-09 16:34:03'),('Sinoe',24,407,'2024-02-09 16:34:03','2024-02-09 16:34:03'),('Montserrado',24,408,'2024-02-09 16:34:03','2024-02-09 16:34:03'),('River Gee',24,409,'2024-02-09 16:34:03','2024-02-09 16:34:03'),('Grand Kru',24,410,'2024-02-09 16:34:03','2024-02-09 16:34:03'),('Maryland',24,411,'2024-02-09 16:34:03','2024-02-09 16:34:03'),('River Cess',24,412,'2024-02-09 16:34:03','2024-02-09 16:34:03'),('Bong',24,413,'2024-02-09 16:34:03','2024-02-09 16:34:03'),('Grand Bassa',24,414,'2024-02-09 16:34:03','2024-02-09 16:34:03'),('Lofa',24,415,'2024-02-09 16:34:03','2024-02-09 16:34:03'),('Margibi',24,416,'2024-02-09 16:34:03','2024-02-09 16:34:03'),('Nimba',24,417,'2024-02-09 16:34:03','2024-02-09 16:34:03'),('Gbarpolu',24,418,'2024-02-09 16:34:03','2024-02-09 16:34:03'),('Grand Gedeh',24,419,'2024-02-09 16:34:03','2024-02-09 16:34:03'),('Zliten',25,420,'2024-02-09 16:34:03','2024-02-09 16:34:03'),('Benghazi',25,421,'2024-02-09 16:34:03','2024-02-09 16:34:03'),('Sabha',25,422,'2024-02-09 16:34:03','2024-02-09 16:34:03'),('Misratah',25,423,'2024-02-09 16:34:03','2024-02-09 16:34:03'),('Tripoli',25,424,'2024-02-09 16:34:03','2024-02-09 16:34:03'),('Fianarantsoa',26,425,'2024-02-09 16:34:03','2024-02-09 16:34:03'),('Toamasina',26,426,'2024-02-09 16:34:03','2024-02-09 16:34:03'),('Antananarivo',26,427,'2024-02-09 16:34:03','2024-02-09 16:34:03'),('Antsiranana',26,428,'2024-02-09 16:34:03','2024-02-09 16:34:03'),('Antsirabe',26,429,'2024-02-09 16:34:03','2024-02-09 16:34:03'),('Ambanja',26,430,'2024-02-09 16:34:03','2024-02-09 16:34:03'),('Toliara',26,431,'2024-02-09 16:34:03','2024-02-09 16:34:03'),('Ntchisi',27,432,'2024-02-09 16:34:03','2024-02-09 16:34:03'),('Rumphi',27,433,'2024-02-09 16:34:03','2024-02-09 16:34:03'),('Chitipa',27,434,'2024-02-09 16:34:03','2024-02-09 16:34:03'),('Ntcheu',27,435,'2024-02-09 16:34:03','2024-02-09 16:34:03'),('Nsanje',27,436,'2024-02-09 16:34:03','2024-02-09 16:34:03'),('Dowa',27,437,'2024-02-09 16:34:03','2024-02-09 16:34:03'),('Machinga',27,438,'2024-02-09 16:34:03','2024-02-09 16:34:03'),('Mwanza',27,439,'2024-02-09 16:34:03','2024-02-09 16:34:03'),('Blantyre',27,440,'2024-02-09 16:34:03','2024-02-09 16:34:03'),('Nkhata Bay',27,441,'2024-02-09 16:34:03','2024-02-09 16:34:03'),('Chikwawa',27,442,'2024-02-09 16:34:03','2024-02-09 16:34:03'),('Balaka',27,443,'2024-02-09 16:34:03','2024-02-09 16:34:03'),('Thyolo',27,444,'2024-02-09 16:34:03','2024-02-09 16:34:03'),('Mulanje',27,445,'2024-02-09 16:34:03','2024-02-09 16:34:03'),('Nkhotakota',27,446,'2024-02-09 16:34:03','2024-02-09 16:34:03'),('Salima',27,447,'2024-02-09 16:34:03','2024-02-09 16:34:03'),('Chiradzulu',27,448,'2024-02-09 16:34:03','2024-02-09 16:34:03'),('Kasungu',27,449,'2024-02-09 16:34:03','2024-02-09 16:34:03'),('Mzimba',27,450,'2024-02-09 16:34:03','2024-02-09 16:34:03'),('Zomba',27,451,'2024-02-09 16:34:03','2024-02-09 16:34:03'),('Karonga',27,452,'2024-02-09 16:34:03','2024-02-09 16:34:03'),('Lilongwe',27,453,'2024-02-09 16:34:03','2024-02-09 16:34:03'),('Mangochi',27,454,'2024-02-09 16:34:03','2024-02-09 16:34:03'),('Mchinji',27,455,'2024-02-09 16:34:03','2024-02-09 16:34:03'),('Phalombe',27,456,'2024-02-09 16:34:03','2024-02-09 16:34:03'),('Dedza',27,457,'2024-02-09 16:34:03','2024-02-09 16:34:03'),('Likoma',27,458,'2024-02-09 16:34:03','2024-02-09 16:34:03'),('Bamako (Capital)',28,459,'2024-02-09 16:34:03','2024-02-09 16:34:03'),('Kidal',28,460,'2024-02-09 16:34:03','2024-02-09 16:34:03'),('Kayes',28,461,'2024-02-09 16:34:03','2024-02-09 16:34:03'),('Mopti',28,462,'2024-02-09 16:34:03','2024-02-09 16:34:03'),('Segou',28,463,'2024-02-09 16:34:03','2024-02-09 16:34:03'),('Koulikoro',28,464,'2024-02-09 16:34:03','2024-02-09 16:34:03'),('Sikasso',28,465,'2024-02-09 16:34:03','2024-02-09 16:34:03'),('Gao',28,466,'2024-02-09 16:34:03','2024-02-09 16:34:03'),('Tombouctou',28,467,'2024-02-09 16:34:03','2024-02-09 16:34:03'),('Tagant',29,468,'2024-02-09 16:34:03','2024-02-09 16:34:03'),('Adrar',29,469,'2024-02-09 16:34:03','2024-02-09 16:34:03'),('Guidimaka',29,470,'2024-02-09 16:34:03','2024-02-09 16:34:03'),('Assaba',29,471,'2024-02-09 16:34:03','2024-02-09 16:34:03'),('Trarza',29,472,'2024-02-09 16:34:03','2024-02-09 16:34:03'),('Brakna',29,473,'2024-02-09 16:34:03','2024-02-09 16:34:03'),('Tiris Zemmour',29,474,'2024-02-09 16:34:03','2024-02-09 16:34:03'),('Gorgol',29,475,'2024-02-09 16:34:03','2024-02-09 16:34:03'),('Dakhlet Nouadhibou',29,476,'2024-02-09 16:34:03','2024-02-09 16:34:03'),('Hodh Ech Chargui',29,477,'2024-02-09 16:34:03','2024-02-09 16:34:03'),('Inchiri',29,478,'2024-02-09 16:34:03','2024-02-09 16:34:03'),('Hodh El Gharbi',29,479,'2024-02-09 16:34:03','2024-02-09 16:34:03'),('Nouakchott',29,480,'2024-02-09 16:34:03','2024-02-09 16:34:03'),('Goodlands',30,481,'2024-02-09 16:34:03','2024-02-09 16:34:03'),('Port Louis',30,482,'2024-02-09 16:34:03','2024-02-09 16:34:03'),('Rose Hill',30,483,'2024-02-09 16:34:03','2024-02-09 16:34:03'),('Chemin Grenier',30,484,'2024-02-09 16:34:03','2024-02-09 16:34:03'),('Vacoas',30,485,'2024-02-09 16:34:03','2024-02-09 16:34:03'),('Beau Bassin',30,486,'2024-02-09 16:34:03','2024-02-09 16:34:03'),('Ebene CyberCity',30,487,'2024-02-09 16:34:03','2024-02-09 16:34:03'),('Floreal',30,488,'2024-02-09 16:34:03','2024-02-09 16:34:03'),('Saint Jean',30,489,'2024-02-09 16:34:03','2024-02-09 16:34:03'),('Quatre Bornes',30,490,'2024-02-09 16:34:03','2024-02-09 16:34:03'),('Tamarin',30,491,'2024-02-09 16:34:03','2024-02-09 16:34:03'),('Port Mathurin',30,492,'2024-02-09 16:34:03','2024-02-09 16:34:03'),('Le Reduit',30,493,'2024-02-09 16:34:03','2024-02-09 16:34:03'),('Mamoudzou',31,494,'2024-02-09 16:34:03','2024-02-09 16:34:03'),('Chiconi',31,495,'2024-02-09 16:34:03','2024-02-09 16:34:03'),('Pamandzi',31,496,'2024-02-09 16:34:03','2024-02-09 16:34:03'),('Bandaboa',31,497,'2024-02-09 16:34:03','2024-02-09 16:34:03'),('Tsoundzou 1',31,498,'2024-02-09 16:34:03','2024-02-09 16:34:03'),('Ouangani',31,499,'2024-02-09 16:34:03','2024-02-09 16:34:03'),('Tsingoni',31,500,'2024-02-09 16:34:03','2024-02-09 16:34:03'),('Dzaoudzi',31,501,'2024-02-09 16:34:03','2024-02-09 16:34:03'),('Koungou',31,502,'2024-02-09 16:34:03','2024-02-09 16:34:03'),('Combani',31,503,'2024-02-09 16:34:03','2024-02-09 16:34:03'),('Sada',31,504,'2024-02-09 16:34:03','2024-02-09 16:34:03'),('Dzoumonye',31,505,'2024-02-09 16:34:03','2024-02-09 16:34:03'),('Errachidia',32,506,'2024-02-09 16:34:03','2024-02-09 16:34:03'),('Khemisset',32,507,'2024-02-09 16:34:03','2024-02-09 16:34:03'),('Settat',32,508,'2024-02-09 16:34:03','2024-02-09 16:34:03'),('Mehediyah',32,509,'2024-02-09 16:34:03','2024-02-09 16:34:03'),('Fes',32,510,'2024-02-09 16:34:03','2024-02-09 16:34:03'),('Meknes',32,511,'2024-02-09 16:34:03','2024-02-09 16:34:03'),('Ait Melloul',32,512,'2024-02-09 16:34:03','2024-02-09 16:34:03'),('Oujda',32,513,'2024-02-09 16:34:03','2024-02-09 16:34:03'),('Mohammedia',32,514,'2024-02-09 16:34:03','2024-02-09 16:34:03'),('Oued Zem',32,515,'2024-02-09 16:34:03','2024-02-09 16:34:03'),('Tiflet',32,516,'2024-02-09 16:34:03','2024-02-09 16:34:03'),('Erfoud',32,517,'2024-02-09 16:34:03','2024-02-09 16:34:03'),('Tangier',32,518,'2024-02-09 16:34:03','2024-02-09 16:34:03'),('El Hajeb',32,519,'2024-02-09 16:34:03','2024-02-09 16:34:03'),('Mansour',32,520,'2024-02-09 16:34:03','2024-02-09 16:34:03'),('El Gara',32,521,'2024-02-09 16:34:03','2024-02-09 16:34:03'),('Tiznit',32,522,'2024-02-09 16:34:03','2024-02-09 16:34:03'),('Fkih Ben Salah',32,523,'2024-02-09 16:34:03','2024-02-09 16:34:03'),('Ksar el Kebir',32,524,'2024-02-09 16:34:03','2024-02-09 16:34:03'),('Tahala',32,525,'2024-02-09 16:34:03','2024-02-09 16:34:03'),('Sefrou',32,526,'2024-02-09 16:34:03','2024-02-09 16:34:03'),('Casablanca',32,527,'2024-02-09 16:34:03','2024-02-09 16:34:03'),('Khouribga',32,528,'2024-02-09 16:34:03','2024-02-09 16:34:03'),('Larache',32,529,'2024-02-09 16:34:03','2024-02-09 16:34:03'),('Al Hoceima',32,530,'2024-02-09 16:34:03','2024-02-09 16:34:03'),('Taza',32,531,'2024-02-09 16:34:03','2024-02-09 16:34:03'),('Rabat',32,532,'2024-02-09 16:34:03','2024-02-09 16:34:03'),('Touissite',32,533,'2024-02-09 16:34:03','2024-02-09 16:34:03'),('Sidi Bennour',32,534,'2024-02-09 16:34:03','2024-02-09 16:34:03'),('Deroua',32,535,'2024-02-09 16:34:03','2024-02-09 16:34:03'),('Skhirat',32,536,'2024-02-09 16:34:03','2024-02-09 16:34:03'),('Tan-Tan',32,537,'2024-02-09 16:34:03','2024-02-09 16:34:03'),('Marrakesh',32,538,'2024-02-09 16:34:03','2024-02-09 16:34:03'),('El Jadida',32,539,'2024-02-09 16:34:03','2024-02-09 16:34:03'),('Agadir',32,540,'2024-02-09 16:34:03','2024-02-09 16:34:03'),('Kenitra',32,541,'2024-02-09 16:34:03','2024-02-09 16:34:03'),('Nador',32,542,'2024-02-09 16:34:03','2024-02-09 16:34:03'),('Sidi Slimane',32,543,'2024-02-09 16:34:03','2024-02-09 16:34:03'),('Oulad Teima',32,544,'2024-02-09 16:34:03','2024-02-09 16:34:03'),('Afourer',32,545,'2024-02-09 16:34:03','2024-02-09 16:34:03'),('Temara',32,546,'2024-02-09 16:34:03','2024-02-09 16:34:03'),('Assa',32,547,'2024-02-09 16:34:03','2024-02-09 16:34:03'),('Berrechid',32,548,'2024-02-09 16:34:03','2024-02-09 16:34:03'),('Safi',32,549,'2024-02-09 16:34:03','2024-02-09 16:34:03'),('Benguerir',32,550,'2024-02-09 16:34:03','2024-02-09 16:34:03'),('Ouazzane',32,551,'2024-02-09 16:34:03','2024-02-09 16:34:03'),('Tarfaya',32,552,'2024-02-09 16:34:03','2024-02-09 16:34:03'),('Beni Mellal',32,553,'2024-02-09 16:34:03','2024-02-09 16:34:03'),('Matola',33,554,'2024-02-09 16:34:03','2024-02-09 16:34:03'),('Nampula',33,555,'2024-02-09 16:34:03','2024-02-09 16:34:03'),('Beira',33,556,'2024-02-09 16:34:03','2024-02-09 16:34:03'),('Quelimane',33,557,'2024-02-09 16:34:03','2024-02-09 16:34:03'),('Tete',33,558,'2024-02-09 16:34:03','2024-02-09 16:34:03'),('Pemba',33,559,'2024-02-09 16:34:03','2024-02-09 16:34:03'),('Mozambique',33,560,'2024-02-09 16:34:03','2024-02-09 16:34:03'),('Maputo',33,561,'2024-02-09 16:34:03','2024-02-09 16:34:03'),('Oshakati',34,562,'2024-02-09 16:34:03','2024-02-09 16:34:03'),('Etunda',34,563,'2024-02-09 16:34:03','2024-02-09 16:34:03'),('Grootfontein',34,564,'2024-02-09 16:34:03','2024-02-09 16:34:03'),('Otjiwarongo',34,565,'2024-02-09 16:34:03','2024-02-09 16:34:03'),('Mpapuka',34,566,'2024-02-09 16:34:03','2024-02-09 16:34:03'),('Swakopmund',34,567,'2024-02-09 16:34:03','2024-02-09 16:34:03'),('Katima Mulilo',34,568,'2024-02-09 16:34:03','2024-02-09 16:34:03'),('Tsumeb',34,569,'2024-02-09 16:34:03','2024-02-09 16:34:03'),('Olympia',34,570,'2024-02-09 16:34:03','2024-02-09 16:34:03'),('Windhoek',34,571,'2024-02-09 16:34:03','2024-02-09 16:34:03'),('Walvis Bay',34,572,'2024-02-09 16:34:03','2024-02-09 16:34:03'),('Keetmanshoop',34,573,'2024-02-09 16:34:03','2024-02-09 16:34:03'),('Oranjemund',34,574,'2024-02-09 16:34:03','2024-02-09 16:34:03'),('Ongwediva',34,575,'2024-02-09 16:34:03','2024-02-09 16:34:03'),('Outapi',34,576,'2024-02-09 16:34:03','2024-02-09 16:34:03'),('Ondangwa',34,577,'2024-02-09 16:34:03','2024-02-09 16:34:03'),('Matameye',35,578,'2024-02-09 16:34:03','2024-02-09 16:34:03'),('Guidan Roumji',35,579,'2024-02-09 16:34:03','2024-02-09 16:34:03'),('Gouré',35,580,'2024-02-09 16:34:03','2024-02-09 16:34:03'),('Zinder',35,581,'2024-02-09 16:34:03','2024-02-09 16:34:03'),('Madarounfa',35,582,'2024-02-09 16:34:03','2024-02-09 16:34:03'),('Agadez',35,583,'2024-02-09 16:34:03','2024-02-09 16:34:03'),('Madaoua',35,584,'2024-02-09 16:34:03','2024-02-09 16:34:03'),('Illéla',35,585,'2024-02-09 16:34:03','2024-02-09 16:34:03'),('Balléyara',35,586,'2024-02-09 16:34:03','2024-02-09 16:34:03'),('Torodi',35,587,'2024-02-09 16:34:03','2024-02-09 16:34:03'),('Aguié',35,588,'2024-02-09 16:34:03','2024-02-09 16:34:03'),('Nguigmi',35,589,'2024-02-09 16:34:03','2024-02-09 16:34:03'),('Birni Nkonni',35,590,'2024-02-09 16:34:03','2024-02-09 16:34:03'),('Magaria',35,591,'2024-02-09 16:34:03','2024-02-09 16:34:03'),('Filingué',35,592,'2024-02-09 16:34:03','2024-02-09 16:34:03'),('Diffa',35,593,'2024-02-09 16:34:03','2024-02-09 16:34:03'),('Mirria',35,594,'2024-02-09 16:34:03','2024-02-09 16:34:03'),('Maïné-Soroa',35,595,'2024-02-09 16:34:03','2024-02-09 16:34:03'),('Kollo',35,596,'2024-02-09 16:34:03','2024-02-09 16:34:03'),('Maradi',35,597,'2024-02-09 16:34:03','2024-02-09 16:34:03'),('Tahoua',35,598,'2024-02-09 16:34:03','2024-02-09 16:34:03'),('Dakoro',35,599,'2024-02-09 16:34:03','2024-02-09 16:34:03'),('Tibiri',35,600,'2024-02-09 16:34:03','2024-02-09 16:34:03'),('Bouza',35,601,'2024-02-09 16:34:03','2024-02-09 16:34:03'),('Ayourou',35,602,'2024-02-09 16:34:03','2024-02-09 16:34:03'),('Gaya',35,603,'2024-02-09 16:34:03','2024-02-09 16:34:03'),('Ouallam',35,604,'2024-02-09 16:34:03','2024-02-09 16:34:03'),('Abala',35,605,'2024-02-09 16:34:03','2024-02-09 16:34:03'),('Arlit',35,606,'2024-02-09 16:34:03','2024-02-09 16:34:03'),('Dosso',35,607,'2024-02-09 16:34:03','2024-02-09 16:34:03'),('Tessaoua',35,608,'2024-02-09 16:34:03','2024-02-09 16:34:03'),('Birni Ngaouré',35,609,'2024-02-09 16:34:03','2024-02-09 16:34:03'),('Tillabéri',35,610,'2024-02-09 16:34:03','2024-02-09 16:34:03'),('Say',35,611,'2024-02-09 16:34:03','2024-02-09 16:34:03'),('Tchintabaraden',35,612,'2024-02-09 16:34:03','2024-02-09 16:34:03'),('Dogondoutchi',35,613,'2024-02-09 16:34:03','2024-02-09 16:34:03'),('Téra',35,614,'2024-02-09 16:34:03','2024-02-09 16:34:03'),('Keita',35,615,'2024-02-09 16:34:03','2024-02-09 16:34:03'),('Niamey',35,616,'2024-02-09 16:34:03','2024-02-09 16:34:03'),('Tânout',35,617,'2024-02-09 16:34:03','2024-02-09 16:34:03'),('Abalak',35,618,'2024-02-09 16:34:03','2024-02-09 16:34:03'),('Gazaoua',35,619,'2024-02-09 16:34:03','2024-02-09 16:34:03'),('Mayahi',35,620,'2024-02-09 16:34:03','2024-02-09 16:34:03'),('Ikorodu',36,621,'2024-02-09 16:34:03','2024-02-09 16:34:03'),('Apapa',36,622,'2024-02-09 16:34:03','2024-02-09 16:34:03'),('Agege',36,623,'2024-02-09 16:34:03','2024-02-09 16:34:03'),('Oworonsoki',36,624,'2024-02-09 16:34:03','2024-02-09 16:34:03'),('Minna',36,625,'2024-02-09 16:34:03','2024-02-09 16:34:03'),('Obudu',36,626,'2024-02-09 16:34:03','2024-02-09 16:34:03'),('Yola',36,627,'2024-02-09 16:34:03','2024-02-09 16:34:03'),('Odau',36,628,'2024-02-09 16:34:03','2024-02-09 16:34:03'),('Akure',36,629,'2024-02-09 16:34:03','2024-02-09 16:34:03'),('Yaba',36,630,'2024-02-09 16:34:03','2024-02-09 16:34:03'),('Forum',36,631,'2024-02-09 16:34:03','2024-02-09 16:34:03'),('Mushin',36,632,'2024-02-09 16:34:03','2024-02-09 16:34:03'),('Ikeja',36,633,'2024-02-09 16:34:03','2024-02-09 16:34:03'),('Owerri',36,634,'2024-02-09 16:34:03','2024-02-09 16:34:03'),('Abeokuta',36,635,'2024-02-09 16:34:03','2024-02-09 16:34:03'),('Calabar',36,636,'2024-02-09 16:34:03','2024-02-09 16:34:03'),('Burutu',36,637,'2024-02-09 16:34:03','2024-02-09 16:34:03'),('Nsukka',36,638,'2024-02-09 16:34:03','2024-02-09 16:34:03'),('Chafe',36,639,'2024-02-09 16:34:03','2024-02-09 16:34:03'),('Ibadan',36,640,'2024-02-09 16:34:03','2024-02-09 16:34:03'),('Jalingo',36,641,'2024-02-09 16:34:03','2024-02-09 16:34:03'),('Abraka',36,642,'2024-02-09 16:34:03','2024-02-09 16:34:03'),('Orile Oshodi',36,643,'2024-02-09 16:34:03','2024-02-09 16:34:03'),('Ajegunle',36,644,'2024-02-09 16:34:03','2024-02-09 16:34:03'),('Kebbi',36,645,'2024-02-09 16:34:03','2024-02-09 16:34:03'),('Anambra',36,646,'2024-02-09 16:34:03','2024-02-09 16:34:03'),('Tara',36,647,'2024-02-09 16:34:03','2024-02-09 16:34:03'),('Aganga',36,648,'2024-02-09 16:34:03','2024-02-09 16:34:03'),('Magodo',36,649,'2024-02-09 16:34:03','2024-02-09 16:34:03'),('Ado-Ekiti',36,650,'2024-02-09 16:34:03','2024-02-09 16:34:03'),('Ikotun',36,651,'2024-02-09 16:34:03','2024-02-09 16:34:03'),('Osogbo',36,652,'2024-02-09 16:34:03','2024-02-09 16:34:03'),('Ughelli',36,653,'2024-02-09 16:34:03','2024-02-09 16:34:03'),('Ekpoma',36,654,'2024-02-09 16:34:03','2024-02-09 16:34:03'),('Ilorin',36,655,'2024-02-09 16:34:03','2024-02-09 16:34:03'),('Ilesa',36,656,'2024-02-09 16:34:03','2024-02-09 16:34:03'),('Ipaja',36,657,'2024-02-09 16:34:03','2024-02-09 16:34:03'),('Ondo',36,658,'2024-02-09 16:34:03','2024-02-09 16:34:03'),('Kano',36,659,'2024-02-09 16:34:03','2024-02-09 16:34:03'),('Adodo',36,660,'2024-02-09 16:34:03','2024-02-09 16:34:03'),('Birnin Kebbi',36,661,'2024-02-09 16:34:03','2024-02-09 16:34:03'),('Agidingbi',36,662,'2024-02-09 16:34:03','2024-02-09 16:34:03'),('Abakaliki',36,663,'2024-02-09 16:34:03','2024-02-09 16:34:03'),('Kaduna',36,664,'2024-02-09 16:34:03','2024-02-09 16:34:03'),('Damaturu',36,665,'2024-02-09 16:34:03','2024-02-09 16:34:03'),('Maryland',36,666,'2024-02-09 16:34:03','2024-02-09 16:34:03'),('Bwari',36,667,'2024-02-09 16:34:03','2024-02-09 16:34:03'),('Mogho',36,668,'2024-02-09 16:34:03','2024-02-09 16:34:03'),('Zaria',36,669,'2024-02-09 16:34:03','2024-02-09 16:34:03'),('Ido',36,670,'2024-02-09 16:34:03','2024-02-09 16:34:03'),('Port Harcourt',36,671,'2024-02-09 16:34:03','2024-02-09 16:34:03'),('Ojo',36,672,'2024-02-09 16:34:03','2024-02-09 16:34:03'),('Jos',36,673,'2024-02-09 16:34:03','2024-02-09 16:34:03'),('Egbeda',36,674,'2024-02-09 16:34:03','2024-02-09 16:34:03'),('Makurdi',36,675,'2024-02-09 16:34:03','2024-02-09 16:34:03'),('Ile-Ife',36,676,'2024-02-09 16:34:03','2024-02-09 16:34:03'),('Ota',36,677,'2024-02-09 16:34:03','2024-02-09 16:34:03'),('Bonny',36,678,'2024-02-09 16:34:03','2024-02-09 16:34:03'),('Lekki',36,679,'2024-02-09 16:34:03','2024-02-09 16:34:03'),('Suleja',36,680,'2024-02-09 16:34:03','2024-02-09 16:34:03'),('Igando',36,681,'2024-02-09 16:34:03','2024-02-09 16:34:03'),('Ifako',36,682,'2024-02-09 16:34:03','2024-02-09 16:34:03'),('Enugu',36,683,'2024-02-09 16:34:03','2024-02-09 16:34:03'),('Obafemi',36,684,'2024-02-09 16:34:03','2024-02-09 16:34:03'),('Aba',36,685,'2024-02-09 16:34:03','2024-02-09 16:34:03'),('Iseri-Oke',36,686,'2024-02-09 16:34:03','2024-02-09 16:34:03'),('Lokoja',36,687,'2024-02-09 16:34:03','2024-02-09 16:34:03'),('Onigbongbo',36,688,'2024-02-09 16:34:03','2024-02-09 16:34:03'),('Isolo',36,689,'2024-02-09 16:34:03','2024-02-09 16:34:03'),('Oshodi',36,690,'2024-02-09 16:34:03','2024-02-09 16:34:03'),('Ojota',36,691,'2024-02-09 16:34:03','2024-02-09 16:34:03'),('Abuja',36,692,'2024-02-09 16:34:03','2024-02-09 16:34:03'),('Igueben',36,693,'2024-02-09 16:34:03','2024-02-09 16:34:03'),('Uyo',36,694,'2024-02-09 16:34:03','2024-02-09 16:34:03'),('Funtua',36,695,'2024-02-09 16:34:03','2024-02-09 16:34:03'),('Alimosho',36,696,'2024-02-09 16:34:03','2024-02-09 16:34:03'),('Mowe',36,697,'2024-02-09 16:34:03','2024-02-09 16:34:03'),('Ajuwon',36,698,'2024-02-09 16:34:03','2024-02-09 16:34:03'),('Ayobo',36,699,'2024-02-09 16:34:03','2024-02-09 16:34:03'),('Ungwan Madaki',36,700,'2024-02-09 16:34:03','2024-02-09 16:34:03'),('Lagos',36,701,'2024-02-09 16:34:03','2024-02-09 16:34:03'),('Benin City',36,702,'2024-02-09 16:34:03','2024-02-09 16:34:03'),('Suru-Lere',36,703,'2024-02-09 16:34:03','2024-02-09 16:34:03'),('Warri',36,704,'2024-02-09 16:34:03','2024-02-09 16:34:03'),('Shomolu',36,705,'2024-02-09 16:34:03','2024-02-09 16:34:03'),('Gisenyi',37,706,'2024-02-09 16:34:03','2024-02-09 16:34:03'),('Gitarama',37,707,'2024-02-09 16:34:03','2024-02-09 16:34:03'),('Butare',37,708,'2024-02-09 16:34:03','2024-02-09 16:34:03'),('Gikongoro',37,709,'2024-02-09 16:34:03','2024-02-09 16:34:03'),('Kibuye',37,710,'2024-02-09 16:34:03','2024-02-09 16:34:03'),('Umutara',37,711,'2024-02-09 16:34:03','2024-02-09 16:34:03'),('Kibungo',37,712,'2024-02-09 16:34:03','2024-02-09 16:34:03'),('Kigali-ville',37,713,'2024-02-09 16:34:03','2024-02-09 16:34:03'),('Kigali Rurale',37,714,'2024-02-09 16:34:03','2024-02-09 16:34:03'),('Ruhengeri',37,715,'2024-02-09 16:34:03','2024-02-09 16:34:03'),('Cyangugu',37,716,'2024-02-09 16:34:03','2024-02-09 16:34:03'),('Byumba',37,717,'2024-02-09 16:34:03','2024-02-09 16:34:03'),('La Possession',38,718,'2024-02-09 16:34:03','2024-02-09 16:34:03'),('Sainte-Marie',38,719,'2024-02-09 16:34:03','2024-02-09 16:34:03'),('Saint-Benoît',38,720,'2024-02-09 16:34:03','2024-02-09 16:34:03'),('Saint-Leu',38,721,'2024-02-09 16:34:03','2024-02-09 16:34:03'),('Le Port',38,722,'2024-02-09 16:34:03','2024-02-09 16:34:03'),('Saint-Denis',38,723,'2024-02-09 16:34:03','2024-02-09 16:34:03'),('Piton Saint-Leu',38,724,'2024-02-09 16:34:03','2024-02-09 16:34:03'),('Saint-Joseph',38,725,'2024-02-09 16:34:03','2024-02-09 16:34:03'),('Le Tampon',38,726,'2024-02-09 16:34:03','2024-02-09 16:34:03'),('Sainte-Suzanne',38,727,'2024-02-09 16:34:03','2024-02-09 16:34:03'),('Saint-Louis',38,728,'2024-02-09 16:34:03','2024-02-09 16:34:03'),('Saint-André',38,729,'2024-02-09 16:34:03','2024-02-09 16:34:03'),('Saint-Paul',38,730,'2024-02-09 16:34:03','2024-02-09 16:34:03'),('Saint-Pierre',38,731,'2024-02-09 16:34:03','2024-02-09 16:34:03'),('Sama',39,732,'2024-02-09 16:34:03','2024-02-09 16:34:03'),('Madina Kokoun',39,733,'2024-02-09 16:34:03','2024-02-09 16:34:03'),('Camberene',39,734,'2024-02-09 16:34:03','2024-02-09 16:34:03'),('Boussinki',39,735,'2024-02-09 16:34:03','2024-02-09 16:34:03'),('Dakar',39,736,'2024-02-09 16:34:03','2024-02-09 16:34:03'),('Kaolack',39,737,'2024-02-09 16:34:03','2024-02-09 16:34:03'),('Louga',39,738,'2024-02-09 16:34:03','2024-02-09 16:34:03'),('Kedougou',39,739,'2024-02-09 16:34:03','2024-02-09 16:34:03'),('Tanaf',39,740,'2024-02-09 16:34:03','2024-02-09 16:34:03'),('Guediawaye',39,741,'2024-02-09 16:34:03','2024-02-09 16:34:03'),('Saint-Louis',39,742,'2024-02-09 16:34:03','2024-02-09 16:34:03'),('Dodji',39,743,'2024-02-09 16:34:03','2024-02-09 16:34:03'),('Koindu',40,744,'2024-02-09 16:34:03','2024-02-09 16:34:03'),('Port Loko',40,745,'2024-02-09 16:34:03','2024-02-09 16:34:03'),('Kaima',40,746,'2024-02-09 16:34:03','2024-02-09 16:34:03'),('Yengema',40,747,'2024-02-09 16:34:03','2024-02-09 16:34:03'),('Tongo',40,748,'2024-02-09 16:34:03','2024-02-09 16:34:03'),('Yele',40,749,'2024-02-09 16:34:03','2024-02-09 16:34:03'),('Tumbu',40,750,'2024-02-09 16:34:03','2024-02-09 16:34:03'),('Madina',40,751,'2024-02-09 16:34:03','2024-02-09 16:34:03'),('Sulima',40,752,'2024-02-09 16:34:03','2024-02-09 16:34:03'),('Njala',40,753,'2024-02-09 16:34:03','2024-02-09 16:34:03'),('Kalewa',40,754,'2024-02-09 16:34:03','2024-02-09 16:34:03'),('Yonibana',40,755,'2024-02-09 16:34:03','2024-02-09 16:34:03'),('Gbinti',40,756,'2024-02-09 16:34:03','2024-02-09 16:34:03'),('Momaligi',40,757,'2024-02-09 16:34:03','2024-02-09 16:34:03'),('Shenge',40,758,'2024-02-09 16:34:03','2024-02-09 16:34:03'),('Yana',40,759,'2024-02-09 16:34:03','2024-02-09 16:34:03'),('Falaba',40,760,'2024-02-09 16:34:03','2024-02-09 16:34:03'),('Mano',40,761,'2024-02-09 16:34:03','2024-02-09 16:34:03'),('Sumbaria',40,762,'2024-02-09 16:34:03','2024-02-09 16:34:03'),('Worodu',40,763,'2024-02-09 16:34:03','2024-02-09 16:34:03'),('Lungi',40,764,'2024-02-09 16:34:03','2024-02-09 16:34:03'),('Matru',40,765,'2024-02-09 16:34:03','2024-02-09 16:34:03'),('Wangechi',40,766,'2024-02-09 16:34:03','2024-02-09 16:34:03'),('Bel Ombre',41,767,'2024-02-09 16:34:03','2024-02-09 16:34:03'),('Beau Vallon',41,768,'2024-02-09 16:34:03','2024-02-09 16:34:03'),('Glacis',41,769,'2024-02-09 16:34:03','2024-02-09 16:34:03'),('La Digue',41,770,'2024-02-09 16:34:03','2024-02-09 16:34:03'),('Anse aux Pins',41,771,'2024-02-09 16:34:03','2024-02-09 16:34:03'),('Anse Etoile',41,772,'2024-02-09 16:34:03','2024-02-09 16:34:03'),('Takamaka',41,773,'2024-02-09 16:34:03','2024-02-09 16:34:03'),('Anse Boileau',41,774,'2024-02-09 16:34:03','2024-02-09 16:34:03'),('Mont Fleuri',41,775,'2024-02-09 16:34:03','2024-02-09 16:34:03'),('Baie Lazare',41,776,'2024-02-09 16:34:03','2024-02-09 16:34:03'),('Mont Buxton',41,777,'2024-02-09 16:34:03','2024-02-09 16:34:03'),('Port Glaud',41,778,'2024-02-09 16:34:03','2024-02-09 16:34:03'),('Plaisance',41,779,'2024-02-09 16:34:03','2024-02-09 16:34:03'),('Baie Sainte Anne',41,780,'2024-02-09 16:34:03','2024-02-09 16:34:03'),('Pointe La Rue',41,781,'2024-02-09 16:34:03','2024-02-09 16:34:03'),('Grand\' Anse',41,782,'2024-02-09 16:34:03','2024-02-09 16:34:03'),('Anse Louis',41,783,'2024-02-09 16:34:03','2024-02-09 16:34:03'),('Anse Royale',41,784,'2024-02-09 16:34:03','2024-02-09 16:34:03'),('Bel Air',41,785,'2024-02-09 16:34:03','2024-02-09 16:34:03'),('Cascade',41,786,'2024-02-09 16:34:03','2024-02-09 16:34:03'),('La Riviere Anglaise',41,787,'2024-02-09 16:34:03','2024-02-09 16:34:03'),('Saint Louis',41,788,'2024-02-09 16:34:03','2024-02-09 16:34:03'),('Shabeellaha Dhexe',42,789,'2024-02-09 16:34:03','2024-02-09 16:34:03'),('Nugaal',42,790,'2024-02-09 16:34:03','2024-02-09 16:34:03'),('Jubbada Dhexe',42,791,'2024-02-09 16:34:03','2024-02-09 16:34:03'),('Gedo',42,792,'2024-02-09 16:34:03','2024-02-09 16:34:03'),('Sanaag',42,793,'2024-02-09 16:34:03','2024-02-09 16:34:03'),('Togdheer',42,794,'2024-02-09 16:34:03','2024-02-09 16:34:03'),('Shabeellaha Hoose',42,795,'2024-02-09 16:34:03','2024-02-09 16:34:03'),('Awdal',42,796,'2024-02-09 16:34:03','2024-02-09 16:34:03'),('Woqooyi Galbeed',42,797,'2024-02-09 16:34:03','2024-02-09 16:34:03'),('Hiiraan',42,798,'2024-02-09 16:34:03','2024-02-09 16:34:03'),('Bay',42,799,'2024-02-09 16:34:03','2024-02-09 16:34:03'),('Jubbada Hoose',42,800,'2024-02-09 16:34:03','2024-02-09 16:34:03'),('Mudug',42,801,'2024-02-09 16:34:03','2024-02-09 16:34:03'),('Bakool',42,802,'2024-02-09 16:34:03','2024-02-09 16:34:03'),('Galguduud',42,803,'2024-02-09 16:34:03','2024-02-09 16:34:03'),('Bari',42,804,'2024-02-09 16:34:03','2024-02-09 16:34:03'),('Sool',42,805,'2024-02-09 16:34:03','2024-02-09 16:34:03'),('Banaadir',42,806,'2024-02-09 16:34:03','2024-02-09 16:34:03'),('Graaff Reinet',43,807,'2024-02-09 16:34:03','2024-02-09 16:34:03'),('Emnambithi-Ladysmith',43,808,'2024-02-09 16:34:03','2024-02-09 16:34:03'),('Rustenburg',43,809,'2024-02-09 16:34:03','2024-02-09 16:34:03'),('Parkview',43,810,'2024-02-09 16:34:03','2024-02-09 16:34:03'),('Fort Cox',43,811,'2024-02-09 16:34:03','2024-02-09 16:34:03'),('Walkerville',43,812,'2024-02-09 16:34:03','2024-02-09 16:34:03'),('Hyde Park',43,813,'2024-02-09 16:34:03','2024-02-09 16:34:03'),('Three Rivers',43,814,'2024-02-09 16:34:03','2024-02-09 16:34:03'),('Krugersdorp',43,815,'2024-02-09 16:34:03','2024-02-09 16:34:03'),('Pinetown',43,816,'2024-02-09 16:34:03','2024-02-09 16:34:03'),('Durbanville',43,817,'2024-02-09 16:34:03','2024-02-09 16:34:03'),('Paarl',43,818,'2024-02-09 16:34:03','2024-02-09 16:34:03'),('Vrededorp',43,819,'2024-02-09 16:34:03','2024-02-09 16:34:03'),('Gingindlovu',43,820,'2024-02-09 16:34:03','2024-02-09 16:34:03'),('Eersterivier',43,821,'2024-02-09 16:34:03','2024-02-09 16:34:03'),('Meyerton',43,822,'2024-02-09 16:34:03','2024-02-09 16:34:03'),('Mmabatho',43,823,'2024-02-09 16:34:03','2024-02-09 16:34:03'),('Senekal',43,824,'2024-02-09 16:34:03','2024-02-09 16:34:03'),('Vaalpark',43,825,'2024-02-09 16:34:03','2024-02-09 16:34:03'),('Mooi River',43,826,'2024-02-09 16:34:03','2024-02-09 16:34:03'),('Bothasig',43,827,'2024-02-09 16:34:03','2024-02-09 16:34:03'),('Bryanston',43,828,'2024-02-09 16:34:03','2024-02-09 16:34:03'),('Primrose',43,829,'2024-02-09 16:34:03','2024-02-09 16:34:03'),('Roggebaai',43,830,'2024-02-09 16:34:03','2024-02-09 16:34:03'),('Port Alfred',43,831,'2024-02-09 16:34:03','2024-02-09 16:34:03'),('Ashton',43,832,'2024-02-09 16:34:03','2024-02-09 16:34:03'),('Moorreesburg',43,833,'2024-02-09 16:34:03','2024-02-09 16:34:03'),('Kimberley',43,834,'2024-02-09 16:34:03','2024-02-09 16:34:03'),('Shelly Beach',43,835,'2024-02-09 16:34:03','2024-02-09 16:34:03'),('Hawston',43,836,'2024-02-09 16:34:03','2024-02-09 16:34:03'),('Lansdowne',43,837,'2024-02-09 16:34:03','2024-02-09 16:34:03'),('Welgemoed',43,838,'2024-02-09 16:34:03','2024-02-09 16:34:03'),('Kloof',43,839,'2024-02-09 16:34:03','2024-02-09 16:34:03'),('Randfontein',43,840,'2024-02-09 16:34:03','2024-02-09 16:34:03'),('Himeville',43,841,'2024-02-09 16:34:03','2024-02-09 16:34:03'),('Scottburgh',43,842,'2024-02-09 16:34:03','2024-02-09 16:34:03'),('Bellville',43,843,'2024-02-09 16:34:03','2024-02-09 16:34:03'),('Grabouw',43,844,'2024-02-09 16:34:03','2024-02-09 16:34:03'),('Sandown',43,845,'2024-02-09 16:34:03','2024-02-09 16:34:03'),('Sun Valley',43,846,'2024-02-09 16:34:03','2024-02-09 16:34:03'),('Clanwilliam',43,847,'2024-02-09 16:34:03','2024-02-09 16:34:03'),('Meadowridge',43,848,'2024-02-09 16:34:03','2024-02-09 16:34:03'),('Gansbaai',43,849,'2024-02-09 16:34:03','2024-02-09 16:34:03'),('Phokeng',43,850,'2024-02-09 16:34:03','2024-02-09 16:34:03'),('Plettenberg Bay',43,851,'2024-02-09 16:34:03','2024-02-09 16:34:03'),('KwaDukuza',43,852,'2024-02-09 16:34:03','2024-02-09 16:34:03'),('Richmond',43,853,'2024-02-09 16:34:03','2024-02-09 16:34:03'),('Odendaalsrus',43,854,'2024-02-09 16:34:03','2024-02-09 16:34:03'),('Amanzimtoti',43,855,'2024-02-09 16:34:03','2024-02-09 16:34:03'),('Lephalale',43,856,'2024-02-09 16:34:03','2024-02-09 16:34:03'),('Tzaneen',43,857,'2024-02-09 16:34:03','2024-02-09 16:34:03'),('Delmas',43,858,'2024-02-09 16:34:03','2024-02-09 16:34:03'),('Montagu',43,859,'2024-02-09 16:34:03','2024-02-09 16:34:03'),('Phoenix',43,860,'2024-02-09 16:34:03','2024-02-09 16:34:03'),('Sabie',43,861,'2024-02-09 16:34:03','2024-02-09 16:34:03'),('Irene',43,862,'2024-02-09 16:34:03','2024-02-09 16:34:03'),('Hekpoort',43,863,'2024-02-09 16:34:03','2024-02-09 16:34:03'),('Messina',43,864,'2024-02-09 16:34:03','2024-02-09 16:34:03'),('Napier',43,865,'2024-02-09 16:34:03','2024-02-09 16:34:03'),('White River',43,866,'2024-02-09 16:34:03','2024-02-09 16:34:03'),('Howick',43,867,'2024-02-09 16:34:03','2024-02-09 16:34:03'),('Klerksdorp',43,868,'2024-02-09 16:34:03','2024-02-09 16:34:03'),('Queenswood',43,869,'2024-02-09 16:34:03','2024-02-09 16:34:03'),('Umbogintwini',43,870,'2024-02-09 16:34:03','2024-02-09 16:34:03'),('Mobeni',43,871,'2024-02-09 16:34:03','2024-02-09 16:34:03'),('Laudium',43,872,'2024-02-09 16:34:03','2024-02-09 16:34:03'),('Mthatha',43,873,'2024-02-09 16:34:03','2024-02-09 16:34:03'),('Malmesbury',43,874,'2024-02-09 16:34:03','2024-02-09 16:34:03'),('Glen Austin',43,875,'2024-02-09 16:34:03','2024-02-09 16:34:03'),('Soweto',43,876,'2024-02-09 16:34:03','2024-02-09 16:34:03'),('Botshabelo',43,877,'2024-02-09 16:34:03','2024-02-09 16:34:03'),('Lutzville',43,878,'2024-02-09 16:34:03','2024-02-09 16:34:03'),('Welkom',43,879,'2024-02-09 16:34:03','2024-02-09 16:34:03'),('Carolina',43,880,'2024-02-09 16:34:03','2024-02-09 16:34:03'),('Wilderness',43,881,'2024-02-09 16:34:03','2024-02-09 16:34:03'),('Overport',43,882,'2024-02-09 16:34:03','2024-02-09 16:34:03'),('Hartenbos',43,883,'2024-02-09 16:34:03','2024-02-09 16:34:03'),('Elarduspark',43,884,'2024-02-09 16:34:03','2024-02-09 16:34:03'),('Mount Edgecombe',43,885,'2024-02-09 16:34:03','2024-02-09 16:34:03'),('Bethal',43,886,'2024-02-09 16:34:03','2024-02-09 16:34:03'),('Temba',43,887,'2024-02-09 16:34:03','2024-02-09 16:34:03'),('Vereeniging',43,888,'2024-02-09 16:34:03','2024-02-09 16:34:03'),('Rosslyn',43,889,'2024-02-09 16:34:03','2024-02-09 16:34:03'),('Vanderbijlpark',43,890,'2024-02-09 16:34:03','2024-02-09 16:34:03'),('Edenvale',43,891,'2024-02-09 16:34:03','2024-02-09 16:34:03'),('Cullinan',43,892,'2024-02-09 16:34:03','2024-02-09 16:34:03'),('Waverley',43,893,'2024-02-09 16:34:03','2024-02-09 16:34:03'),('Ganspan',43,894,'2024-02-09 16:34:03','2024-02-09 16:34:03'),('Kriel',43,895,'2024-02-09 16:34:03','2024-02-09 16:34:03'),('Randburg',43,896,'2024-02-09 16:34:03','2024-02-09 16:34:03'),('La Lucia',43,897,'2024-02-09 16:34:03','2024-02-09 16:34:03'),('Ixopo',43,898,'2024-02-09 16:34:03','2024-02-09 16:34:03'),('Wartburg',43,899,'2024-02-09 16:34:03','2024-02-09 16:34:03'),('Sandton',43,900,'2024-02-09 16:34:03','2024-02-09 16:34:03'),('Three Anchor Bay',43,901,'2024-02-09 16:34:03','2024-02-09 16:34:03'),('Elsburg',43,902,'2024-02-09 16:34:03','2024-02-09 16:34:03'),('Malvern',43,903,'2024-02-09 16:34:03','2024-02-09 16:34:03'),('Dullstroom',43,904,'2024-02-09 16:34:03','2024-02-09 16:34:03'),('Boksburg',43,905,'2024-02-09 16:34:03','2024-02-09 16:34:03'),('Houghton Estate',43,906,'2024-02-09 16:34:03','2024-02-09 16:34:03'),('Sinoville',43,907,'2024-02-09 16:34:03','2024-02-09 16:34:03'),('Milnerton',43,908,'2024-02-09 16:34:03','2024-02-09 16:34:03'),('Bloemfontein',43,909,'2024-02-09 16:34:03','2024-02-09 16:34:03'),('Modderfontein',43,910,'2024-02-09 16:34:03','2024-02-09 16:34:03'),('Nigel',43,911,'2024-02-09 16:34:03','2024-02-09 16:34:03'),('Thohoyandou',43,912,'2024-02-09 16:34:03','2024-02-09 16:34:03'),('Kinross',43,913,'2024-02-09 16:34:03','2024-02-09 16:34:03'),('Eloff',43,914,'2024-02-09 16:34:03','2024-02-09 16:34:03'),('Witbank',43,915,'2024-02-09 16:34:03','2024-02-09 16:34:03'),('Hout Bay',43,916,'2024-02-09 16:34:03','2024-02-09 16:34:03'),('Kingsley',43,917,'2024-02-09 16:34:03','2024-02-09 16:34:03'),('Pietermaritzburg',43,918,'2024-02-09 16:34:03','2024-02-09 16:34:03'),('Despatch',43,919,'2024-02-09 16:34:03','2024-02-09 16:34:03'),('Weltevreedenpark',43,920,'2024-02-09 16:34:03','2024-02-09 16:34:03'),('Doornfontein',43,921,'2024-02-09 16:34:03','2024-02-09 16:34:03'),('Richards Bay',43,922,'2024-02-09 16:34:03','2024-02-09 16:34:03'),('Vosloorus',43,923,'2024-02-09 16:34:03','2024-02-09 16:34:03'),('Hatfield',43,924,'2024-02-09 16:34:03','2024-02-09 16:34:03'),('Oranjeville',43,925,'2024-02-09 16:34:03','2024-02-09 16:34:03'),('Hogsback',43,926,'2024-02-09 16:34:03','2024-02-09 16:34:03'),('Silverton',43,927,'2024-02-09 16:34:03','2024-02-09 16:34:03'),('Lydenburg',43,928,'2024-02-09 16:34:03','2024-02-09 16:34:03'),('Uitenhage',43,929,'2024-02-09 16:34:03','2024-02-09 16:34:03'),('Umdloti',43,930,'2024-02-09 16:34:03','2024-02-09 16:34:03'),('Midrand',43,931,'2024-02-09 16:34:03','2024-02-09 16:34:03'),('Rawsonville',43,932,'2024-02-09 16:34:03','2024-02-09 16:34:03'),('Fochville',43,933,'2024-02-09 16:34:03','2024-02-09 16:34:03'),('Empangeni',43,934,'2024-02-09 16:34:03','2024-02-09 16:34:03'),('Dundee',43,935,'2024-02-09 16:34:03','2024-02-09 16:34:03'),('Saint Helena Bay',43,936,'2024-02-09 16:34:03','2024-02-09 16:34:03'),('Duiwelskloof',43,937,'2024-02-09 16:34:03','2024-02-09 16:34:03'),('Mokopane',43,938,'2024-02-09 16:34:03','2024-02-09 16:34:03'),('Claremont',43,939,'2024-02-09 16:34:03','2024-02-09 16:34:03'),('Phalaborwa',43,940,'2024-02-09 16:34:03','2024-02-09 16:34:03'),('Craighall',43,941,'2024-02-09 16:34:03','2024-02-09 16:34:03'),('Bedfordview',43,942,'2024-02-09 16:34:03','2024-02-09 16:34:03'),('Walmer Heights',43,943,'2024-02-09 16:34:03','2024-02-09 16:34:03'),('Strand',43,944,'2024-02-09 16:34:03','2024-02-09 16:34:03'),('Ladybrand',43,945,'2024-02-09 16:34:03','2024-02-09 16:34:03'),('Fordsburg',43,946,'2024-02-09 16:34:03','2024-02-09 16:34:03'),('Germiston',43,947,'2024-02-09 16:34:03','2024-02-09 16:34:03'),('Buffalo',43,948,'2024-02-09 16:34:03','2024-02-09 16:34:03'),('Eshowe',43,949,'2024-02-09 16:34:03','2024-02-09 16:34:03'),('Butterworth',43,950,'2024-02-09 16:34:03','2024-02-09 16:34:03'),('Lombardy East',43,951,'2024-02-09 16:34:03','2024-02-09 16:34:03'),('Polokwane',43,952,'2024-02-09 16:34:03','2024-02-09 16:34:03'),('Newcastle',43,953,'2024-02-09 16:34:03','2024-02-09 16:34:03'),('Hermanus',43,954,'2024-02-09 16:34:03','2024-02-09 16:34:03'),('Tokai',43,955,'2024-02-09 16:34:03','2024-02-09 16:34:03'),('Beaufort West',43,956,'2024-02-09 16:34:03','2024-02-09 16:34:03'),('Grahamstown',43,957,'2024-02-09 16:34:03','2024-02-09 16:34:03'),('Umkomaas',43,958,'2024-02-09 16:34:03','2024-02-09 16:34:03'),('Lynnwood',43,959,'2024-02-09 16:34:03','2024-02-09 16:34:03'),('Parow',43,960,'2024-02-09 16:34:03','2024-02-09 16:34:03'),('Queensburgh',43,961,'2024-02-09 16:34:03','2024-02-09 16:34:03'),('Queenstown',43,962,'2024-02-09 16:34:03','2024-02-09 16:34:03'),('Hluhluwe',43,963,'2024-02-09 16:34:03','2024-02-09 16:34:03'),('Welgelegen',43,964,'2024-02-09 16:34:03','2024-02-09 16:34:03'),('Wynberg',43,965,'2024-02-09 16:34:03','2024-02-09 16:34:03'),('Brooklyn',43,966,'2024-02-09 16:34:03','2024-02-09 16:34:03'),('Onverwacht',43,967,'2024-02-09 16:34:03','2024-02-09 16:34:03'),('Carletonville',43,968,'2024-02-09 16:34:03','2024-02-09 16:34:03'),('Katlehong',43,969,'2024-02-09 16:34:03','2024-02-09 16:34:03'),('City of Cape Town',43,970,'2024-02-09 16:34:03','2024-02-09 16:34:03'),('Brakpan',43,971,'2024-02-09 16:34:03','2024-02-09 16:34:03'),('Sasolburg',43,972,'2024-02-09 16:34:03','2024-02-09 16:34:03'),('Parktown',43,973,'2024-02-09 16:34:03','2024-02-09 16:34:03'),('Wonderboom',43,974,'2024-02-09 16:34:03','2024-02-09 16:34:03'),('Saldanha',43,975,'2024-02-09 16:34:03','2024-02-09 16:34:03'),('Mookgophong',43,976,'2024-02-09 16:34:03','2024-02-09 16:34:03'),('Heidelberg',43,977,'2024-02-09 16:34:03','2024-02-09 16:34:03'),('Oudtshoorn',43,978,'2024-02-09 16:34:03','2024-02-09 16:34:03'),('Kalkbaai',43,979,'2024-02-09 16:34:03','2024-02-09 16:34:03'),('Marshalltown',43,980,'2024-02-09 16:34:03','2024-02-09 16:34:03'),('Panorama',43,981,'2024-02-09 16:34:03','2024-02-09 16:34:03'),('Wellington',43,982,'2024-02-09 16:34:03','2024-02-09 16:34:03'),('Rosebank',43,983,'2024-02-09 16:34:03','2024-02-09 16:34:03'),('Balfour',43,984,'2024-02-09 16:34:03','2024-02-09 16:34:03'),('Coega',43,985,'2024-02-09 16:34:03','2024-02-09 16:34:03'),('Faure',43,986,'2024-02-09 16:34:03','2024-02-09 16:34:03'),('Thabazimbi',43,987,'2024-02-09 16:34:03','2024-02-09 16:34:03'),('Hartswater',43,988,'2024-02-09 16:34:03','2024-02-09 16:34:03'),('Haenertsburg',43,989,'2024-02-09 16:34:03','2024-02-09 16:34:03'),('Rooigrond',43,990,'2024-02-09 16:34:03','2024-02-09 16:34:03'),('Monument Park',43,991,'2024-02-09 16:34:03','2024-02-09 16:34:03'),('New Germany',43,992,'2024-02-09 16:34:03','2024-02-09 16:34:03'),('Stellenbosch',43,993,'2024-02-09 16:34:03','2024-02-09 16:34:03'),('Lichtenburg',43,994,'2024-02-09 16:34:03','2024-02-09 16:34:03'),('Bathurst',43,995,'2024-02-09 16:34:03','2024-02-09 16:34:03'),('Tembisa',43,996,'2024-02-09 16:34:03','2024-02-09 16:34:03'),('Alrode',43,997,'2024-02-09 16:34:03','2024-02-09 16:34:03'),('Umhlanga',43,998,'2024-02-09 16:34:03','2024-02-09 16:34:03'),('Alberton',43,999,'2024-02-09 16:34:03','2024-02-09 16:34:03'),('Pongola',43,1000,'2024-02-09 16:34:03','2024-02-09 16:34:03'),('Philadelphia',43,1001,'2024-02-09 16:34:03','2024-02-09 16:34:03'),('Atlantis',43,1002,'2024-02-09 16:34:03','2024-02-09 16:34:03'),('Maraisburg',43,1003,'2024-02-09 16:34:03','2024-02-09 16:34:03'),('La Motte',43,1004,'2024-02-09 16:34:03','2024-02-09 16:34:03'),('Edenburg',43,1005,'2024-02-09 16:34:03','2024-02-09 16:34:03'),('Elsenburg',43,1006,'2024-02-09 16:34:03','2024-02-09 16:34:03'),('Tongaat',43,1007,'2024-02-09 16:34:03','2024-02-09 16:34:03'),('Onderstepoort',43,1008,'2024-02-09 16:34:03','2024-02-09 16:34:03'),('Florida Glen',43,1009,'2024-02-09 16:34:03','2024-02-09 16:34:03'),('Louis Trichardt',43,1010,'2024-02-09 16:34:03','2024-02-09 16:34:03'),('Isando',43,1011,'2024-02-09 16:34:03','2024-02-09 16:34:03'),('Capital Park',43,1012,'2024-02-09 16:34:03','2024-02-09 16:34:03'),('Centurion',43,1013,'2024-02-09 16:34:03','2024-02-09 16:34:03'),('Nelspruit',43,1014,'2024-02-09 16:34:03','2024-02-09 16:34:03'),('Oranjezicht',43,1015,'2024-02-09 16:34:03','2024-02-09 16:34:03'),('Constantia',43,1016,'2024-02-09 16:34:03','2024-02-09 16:34:03'),('Prieska',43,1017,'2024-02-09 16:34:03','2024-02-09 16:34:03'),('Dube Location',43,1018,'2024-02-09 16:34:03','2024-02-09 16:34:03'),('Morningside Manor',43,1019,'2024-02-09 16:34:03','2024-02-09 16:34:03'),('Machadodorp',43,1020,'2024-02-09 16:34:03','2024-02-09 16:34:03'),('Swartkops',43,1021,'2024-02-09 16:34:03','2024-02-09 16:34:03'),('Deneysville',43,1022,'2024-02-09 16:34:03','2024-02-09 16:34:03'),('Brits',43,1023,'2024-02-09 16:34:03','2024-02-09 16:34:03'),('Pretoria',43,1024,'2024-02-09 16:34:03','2024-02-09 16:34:03'),('Bredasdorp',43,1025,'2024-02-09 16:34:03','2024-02-09 16:34:03'),('Muizenberg',43,1026,'2024-02-09 16:34:03','2024-02-09 16:34:03'),('Rosettenville',43,1027,'2024-02-09 16:34:03','2024-02-09 16:34:03'),('Plumstead',43,1028,'2024-02-09 16:34:03','2024-02-09 16:34:03'),('Knysna',43,1029,'2024-02-09 16:34:03','2024-02-09 16:34:03'),('Newlands',43,1030,'2024-02-09 16:34:03','2024-02-09 16:34:03'),('Pinelands',43,1031,'2024-02-09 16:34:03','2024-02-09 16:34:03'),('Henley on Klip',43,1032,'2024-02-09 16:34:03','2024-02-09 16:34:03'),('Bronkhorstspruit',43,1033,'2024-02-09 16:34:03','2024-02-09 16:34:03'),('Merrivale',43,1034,'2024-02-09 16:34:03','2024-02-09 16:34:03'),('Kraaifontein',43,1035,'2024-02-09 16:34:03','2024-02-09 16:34:03'),('Kranskop',43,1036,'2024-02-09 16:34:03','2024-02-09 16:34:03'),('George',43,1037,'2024-02-09 16:34:03','2024-02-09 16:34:03'),('Northcliff',43,1038,'2024-02-09 16:34:03','2024-02-09 16:34:03'),('Roodepoort',43,1039,'2024-02-09 16:34:03','2024-02-09 16:34:03'),('Rhodes',43,1040,'2024-02-09 16:34:03','2024-02-09 16:34:03'),('Verulam',43,1041,'2024-02-09 16:34:03','2024-02-09 16:34:03'),('Gillitts',43,1042,'2024-02-09 16:34:03','2024-02-09 16:34:03'),('Westville',43,1043,'2024-02-09 16:34:03','2024-02-09 16:34:03'),('Stilfontein',43,1044,'2024-02-09 16:34:03','2024-02-09 16:34:03'),('Belhar',43,1045,'2024-02-09 16:34:03','2024-02-09 16:34:03'),('Johannesburg',43,1046,'2024-02-09 16:34:03','2024-02-09 16:34:03'),('Elandsfontein',43,1047,'2024-02-09 16:34:03','2024-02-09 16:34:03'),('Villiersdorp',43,1048,'2024-02-09 16:34:03','2024-02-09 16:34:03'),('Springs',43,1049,'2024-02-09 16:34:03','2024-02-09 16:34:03'),('Medunsa',43,1050,'2024-02-09 16:34:03','2024-02-09 16:34:03'),('Braamfontein',43,1051,'2024-02-09 16:34:03','2024-02-09 16:34:03'),('Hillcrest',43,1052,'2024-02-09 16:34:03','2024-02-09 16:34:03'),('Stanford',43,1053,'2024-02-09 16:34:03','2024-02-09 16:34:03'),('Humansdorp',43,1054,'2024-02-09 16:34:03','2024-02-09 16:34:03'),('London',43,1055,'2024-02-09 16:34:03','2024-02-09 16:34:03'),('Kuils River',43,1056,'2024-02-09 16:34:03','2024-02-09 16:34:03'),('Warner Beach',43,1057,'2024-02-09 16:34:03','2024-02-09 16:34:03'),('Westonaria',43,1058,'2024-02-09 16:34:03','2024-02-09 16:34:03'),('Vaalbank',43,1059,'2024-02-09 16:34:03','2024-02-09 16:34:03'),('Kingsborough',43,1060,'2024-02-09 16:34:03','2024-02-09 16:34:03'),('Middelburg',43,1061,'2024-02-09 16:34:03','2024-02-09 16:34:03'),('Goodwood',43,1062,'2024-02-09 16:34:03','2024-02-09 16:34:03'),('Majuba',43,1063,'2024-02-09 16:34:03','2024-02-09 16:34:03'),('Alice',43,1064,'2024-02-09 16:34:03','2024-02-09 16:34:03'),('Kempton Park',43,1065,'2024-02-09 16:34:03','2024-02-09 16:34:03'),('Riebeek-Kasteel',43,1066,'2024-02-09 16:34:03','2024-02-09 16:34:03'),('Kleinmond',43,1067,'2024-02-09 16:34:03','2024-02-09 16:34:03'),('Greytown',43,1068,'2024-02-09 16:34:03','2024-02-09 16:34:03'),('Philipstown',43,1069,'2024-02-09 16:34:03','2024-02-09 16:34:03'),('Mafikeng',43,1070,'2024-02-09 16:34:03','2024-02-09 16:34:03'),('Benoni',43,1071,'2024-02-09 16:34:03','2024-02-09 16:34:03'),('Margate',43,1072,'2024-02-09 16:34:03','2024-02-09 16:34:03'),('Sedgefield',43,1073,'2024-02-09 16:34:03','2024-02-09 16:34:03'),('Soshanguve',43,1074,'2024-02-09 16:34:03','2024-02-09 16:34:03'),('Melkbosstrand',43,1075,'2024-02-09 16:34:03','2024-02-09 16:34:03'),('Virginia',43,1076,'2024-02-09 16:34:03','2024-02-09 16:34:03'),('Schweizer-Reneke',43,1077,'2024-02-09 16:34:03','2024-02-09 16:34:03'),('Saint James',43,1078,'2024-02-09 16:34:03','2024-02-09 16:34:03'),('Brackenfell',43,1079,'2024-02-09 16:34:03','2024-02-09 16:34:03'),('Weltevreden',43,1080,'2024-02-09 16:34:03','2024-02-09 16:34:03'),('Ermelo',43,1081,'2024-02-09 16:34:03','2024-02-09 16:34:03'),('Pringle Bay',43,1082,'2024-02-09 16:34:03','2024-02-09 16:34:03'),('Port Elizabeth',43,1083,'2024-02-09 16:34:03','2024-02-09 16:34:03'),('Port Shepstone',43,1084,'2024-02-09 16:34:03','2024-02-09 16:34:03'),('Worcester',43,1085,'2024-02-09 16:34:03','2024-02-09 16:34:03'),('Erasmia',43,1086,'2024-02-09 16:34:03','2024-02-09 16:34:03'),('Harrismith',43,1087,'2024-02-09 16:34:03','2024-02-09 16:34:03'),('Durban',43,1088,'2024-02-09 16:34:03','2024-02-09 16:34:03'),('Zeerust',43,1089,'2024-02-09 16:34:03','2024-02-09 16:34:03'),('East London',43,1090,'2024-02-09 16:34:03','2024-02-09 16:34:03'),('Lyttelton',43,1091,'2024-02-09 16:34:03','2024-02-09 16:34:03'),('Hartbeespoort',43,1092,'2024-02-09 16:34:03','2024-02-09 16:34:03'),('De Aar',43,1093,'2024-02-09 16:34:03','2024-02-09 16:34:03'),('Winterton',43,1094,'2024-02-09 16:34:03','2024-02-09 16:34:03'),('Gezina',43,1095,'2024-02-09 16:34:03','2024-02-09 16:34:03'),('Standerton',43,1096,'2024-02-09 16:34:03','2024-02-09 16:34:03'),('Olifantsfontein',43,1097,'2024-02-09 16:34:03','2024-02-09 16:34:03'),('Umtentweni',43,1098,'2024-02-09 16:34:03','2024-02-09 16:34:03'),('Ogies',43,1099,'2024-02-09 16:34:03','2024-02-09 16:34:03'),('Vredenburg',43,1100,'2024-02-09 16:34:03','2024-02-09 16:34:03'),('Hennenman',43,1101,'2024-02-09 16:34:03','2024-02-09 16:34:03'),('Somerset West',43,1102,'2024-02-09 16:34:03','2024-02-09 16:34:03'),('Upington',43,1103,'2024-02-09 16:34:03','2024-02-09 16:34:03'),('Bethlehem',43,1104,'2024-02-09 16:34:03','2024-02-09 16:34:03'),('Mossel Bay',43,1105,'2024-02-09 16:34:03','2024-02-09 16:34:03'),('Secunda',43,1106,'2024-02-09 16:34:03','2024-02-09 16:34:03'),('Hoedspruit',43,1107,'2024-02-09 16:34:03','2024-02-09 16:34:03'),('Coligny',43,1108,'2024-02-09 16:34:03','2024-02-09 16:34:03'),('Vryheid',43,1109,'2024-02-09 16:34:03','2024-02-09 16:34:03'),('Hazyview',43,1110,'2024-02-09 16:34:03','2024-02-09 16:34:03'),('Kingsmead',43,1111,'2024-02-09 16:34:03','2024-02-09 16:34:03'),('Evander',43,1112,'2024-02-09 16:34:03','2024-02-09 16:34:03'),('Bergvliet',43,1113,'2024-02-09 16:34:03','2024-02-09 16:34:03'),('Salt Rock',43,1114,'2024-02-09 16:34:03','2024-02-09 16:34:03'),('Rooihuiskraal',43,1115,'2024-02-09 16:34:03','2024-02-09 16:34:03'),('Ottosdal',43,1116,'2024-02-09 16:34:03','2024-02-09 16:34:03'),('Potchefstroom',43,1117,'2024-02-09 16:34:03','2024-02-09 16:34:03'),('Hilton',43,1118,'2024-02-09 16:34:03','2024-02-09 16:34:03'),('Cape Town',43,1119,'2024-02-09 16:34:03','2024-02-09 16:34:03'),('Kokstad',43,1120,'2024-02-09 16:34:03','2024-02-09 16:34:03'),('Lyndhurst',43,1121,'2024-02-09 16:34:03','2024-02-09 16:34:03'),('Franschhoek',43,1122,'2024-02-09 16:34:03','2024-02-09 16:34:03'),('Emerald Hill',43,1123,'2024-02-09 16:34:03','2024-02-09 16:34:03'),('The Rest',43,1124,'2024-02-09 16:34:03','2024-02-09 16:34:03'),('Maidstone',43,1125,'2024-02-09 16:34:03','2024-02-09 16:34:03'),('Sebokeng',43,1126,'2024-02-09 16:34:03','2024-02-09 16:34:03'),('Witpoortjie',43,1127,'2024-02-09 16:34:03','2024-02-09 16:34:03'),('Groblersdal',43,1128,'2024-02-09 16:34:03','2024-02-09 16:34:03'),('Kroonstad',43,1129,'2024-02-09 16:34:03','2024-02-09 16:34:03'),('Peninsula',43,1130,'2024-02-09 16:34:03','2024-02-09 16:34:03'),('Rivonia',43,1131,'2024-02-09 16:34:03','2024-02-09 16:34:03'),('Shendi',44,1132,'2024-02-09 16:34:03','2024-02-09 16:34:03'),('Nyala',44,1133,'2024-02-09 16:34:03','2024-02-09 16:34:03'),('Kassala',44,1134,'2024-02-09 16:34:03','2024-02-09 16:34:03'),('Thabit',44,1135,'2024-02-09 16:34:03','2024-02-09 16:34:03'),('Khartoum',44,1136,'2024-02-09 16:34:03','2024-02-09 16:34:03'),('Umm Durman',44,1137,'2024-02-09 16:34:03','2024-02-09 16:34:03'),('Morogoro',45,1138,'2024-02-09 16:34:03','2024-02-09 16:34:03'),('Dodoma',45,1139,'2024-02-09 16:34:03','2024-02-09 16:34:03'),('Bukoba',45,1140,'2024-02-09 16:34:03','2024-02-09 16:34:03'),('Tanga',45,1141,'2024-02-09 16:34:03','2024-02-09 16:34:03'),('Raha',45,1142,'2024-02-09 16:34:03','2024-02-09 16:34:03'),('Arusha',45,1143,'2024-02-09 16:34:03','2024-02-09 16:34:03'),('Zanzibar',45,1144,'2024-02-09 16:34:03','2024-02-09 16:34:03'),('Mwanza',45,1145,'2024-02-09 16:34:03','2024-02-09 16:34:03'),('Dar es Salaam',45,1146,'2024-02-09 16:34:03','2024-02-09 16:34:03'),('Njombe',45,1147,'2024-02-09 16:34:03','2024-02-09 16:34:03'),('Kara',46,1148,'2024-02-09 16:34:03','2024-02-09 16:34:03'),('Centrale',46,1149,'2024-02-09 16:34:03','2024-02-09 16:34:03'),('Savanes',46,1150,'2024-02-09 16:34:03','2024-02-09 16:34:03'),('Plateaux',46,1151,'2024-02-09 16:34:03','2024-02-09 16:34:03'),('Maritime',46,1152,'2024-02-09 16:34:03','2024-02-09 16:34:03'),('Sousse',47,1153,'2024-02-09 16:34:03','2024-02-09 16:34:03'),('Gafsa',47,1154,'2024-02-09 16:34:03','2024-02-09 16:34:03'),('Ariana',47,1155,'2024-02-09 16:34:03','2024-02-09 16:34:03'),('Le Bardo',47,1156,'2024-02-09 16:34:03','2024-02-09 16:34:03'),('Beja',47,1157,'2024-02-09 16:34:03','2024-02-09 16:34:03'),('Manouba',47,1158,'2024-02-09 16:34:03','2024-02-09 16:34:03'),('Monastir',47,1159,'2024-02-09 16:34:03','2024-02-09 16:34:03'),('Sidi Bouzid',47,1160,'2024-02-09 16:34:03','2024-02-09 16:34:03'),('Hammamet',47,1161,'2024-02-09 16:34:03','2024-02-09 16:34:03'),('Tunis',47,1162,'2024-02-09 16:34:03','2024-02-09 16:34:03'),('Rades',47,1163,'2024-02-09 16:34:03','2024-02-09 16:34:03'),('Sfax',47,1164,'2024-02-09 16:34:03','2024-02-09 16:34:03'),('Adjumani',48,1165,'2024-02-09 16:34:03','2024-02-09 16:34:03'),('Iganga',48,1166,'2024-02-09 16:34:03','2024-02-09 16:34:03'),('Kamwenge',48,1167,'2024-02-09 16:34:03','2024-02-09 16:34:03'),('Mukono',48,1168,'2024-02-09 16:34:03','2024-02-09 16:34:03'),('Arua',48,1169,'2024-02-09 16:34:03','2024-02-09 16:34:03'),('Kanungu',48,1170,'2024-02-09 16:34:03','2024-02-09 16:34:03'),('Rukungiri',48,1171,'2024-02-09 16:34:03','2024-02-09 16:34:03'),('Jinja',48,1172,'2024-02-09 16:34:03','2024-02-09 16:34:03'),('Apac',48,1173,'2024-02-09 16:34:03','2024-02-09 16:34:03'),('Sironko',48,1174,'2024-02-09 16:34:03','2024-02-09 16:34:03'),('Nakapiripirit',48,1175,'2024-02-09 16:34:03','2024-02-09 16:34:03'),('Kotido',48,1176,'2024-02-09 16:34:03','2024-02-09 16:34:03'),('Kapchorwa',48,1177,'2024-02-09 16:34:03','2024-02-09 16:34:03'),('Mubende',48,1178,'2024-02-09 16:34:03','2024-02-09 16:34:03'),('Rakai',48,1179,'2024-02-09 16:34:03','2024-02-09 16:34:03'),('Wakiso',48,1180,'2024-02-09 16:34:03','2024-02-09 16:34:03'),('Pader',48,1181,'2024-02-09 16:34:03','2024-02-09 16:34:03'),('Mbarara',48,1182,'2024-02-09 16:34:03','2024-02-09 16:34:03'),('Kamuli',48,1183,'2024-02-09 16:34:03','2024-02-09 16:34:03'),('Bugiri',48,1184,'2024-02-09 16:34:03','2024-02-09 16:34:03'),('Kyenjojo',48,1185,'2024-02-09 16:34:03','2024-02-09 16:34:03'),('Katakwi',48,1186,'2024-02-09 16:34:03','2024-02-09 16:34:03'),('Mpigi',48,1187,'2024-02-09 16:34:03','2024-02-09 16:34:03'),('Bundibugyo',48,1188,'2024-02-09 16:34:03','2024-02-09 16:34:03'),('Mayuge',48,1189,'2024-02-09 16:34:03','2024-02-09 16:34:03'),('Tororo',48,1190,'2024-02-09 16:34:03','2024-02-09 16:34:03'),('Sembabule',48,1191,'2024-02-09 16:34:03','2024-02-09 16:34:03'),('Lira',48,1192,'2024-02-09 16:34:03','2024-02-09 16:34:03'),('Kasese',48,1193,'2024-02-09 16:34:03','2024-02-09 16:34:03'),('Kabale',48,1194,'2024-02-09 16:34:03','2024-02-09 16:34:03'),('Moroto',48,1195,'2024-02-09 16:34:03','2024-02-09 16:34:03'),('Moyo',48,1196,'2024-02-09 16:34:03','2024-02-09 16:34:03'),('Busia',48,1197,'2024-02-09 16:34:03','2024-02-09 16:34:03'),('Nebbi',48,1198,'2024-02-09 16:34:03','2024-02-09 16:34:03'),('Yumbe',48,1199,'2024-02-09 16:34:03','2024-02-09 16:34:03'),('Masaka',48,1200,'2024-02-09 16:34:03','2024-02-09 16:34:03'),('Masindi',48,1201,'2024-02-09 16:34:03','2024-02-09 16:34:03'),('Bushenyi',48,1202,'2024-02-09 16:34:03','2024-02-09 16:34:03'),('Kayunga',48,1203,'2024-02-09 16:34:03','2024-02-09 16:34:03'),('Kabarole',48,1204,'2024-02-09 16:34:03','2024-02-09 16:34:03'),('Ntungamo',48,1205,'2024-02-09 16:34:03','2024-02-09 16:34:03'),('Kumi',48,1206,'2024-02-09 16:34:03','2024-02-09 16:34:03'),('Soroti',48,1207,'2024-02-09 16:34:03','2024-02-09 16:34:03'),('Hoima',48,1208,'2024-02-09 16:34:03','2024-02-09 16:34:03'),('Kibale',48,1209,'2024-02-09 16:34:03','2024-02-09 16:34:03'),('Kisoro',48,1210,'2024-02-09 16:34:03','2024-02-09 16:34:03'),('Kaberamaido',48,1211,'2024-02-09 16:34:03','2024-02-09 16:34:03'),('Kalangala',48,1212,'2024-02-09 16:34:03','2024-02-09 16:34:03'),('Nakasongola',48,1213,'2024-02-09 16:34:03','2024-02-09 16:34:03'),('Kampala',48,1214,'2024-02-09 16:34:03','2024-02-09 16:34:03'),('Kitgum',48,1215,'2024-02-09 16:34:03','2024-02-09 16:34:03'),('Pallisa',48,1216,'2024-02-09 16:34:03','2024-02-09 16:34:03'),('Mbale',48,1217,'2024-02-09 16:34:03','2024-02-09 16:34:03'),('Luwero',48,1218,'2024-02-09 16:34:03','2024-02-09 16:34:03'),('Gulu',48,1219,'2024-02-09 16:34:03','2024-02-09 16:34:03'),('Kiboga',48,1220,'2024-02-09 16:34:03','2024-02-09 16:34:03'),('Macha',49,1221,'2024-02-09 16:34:03','2024-02-09 16:34:03'),('Lusaka',49,1222,'2024-02-09 16:34:03','2024-02-09 16:34:03'),('Mumbwa',49,1223,'2024-02-09 16:34:03','2024-02-09 16:34:03'),('Ndola',49,1224,'2024-02-09 16:34:03','2024-02-09 16:34:03'),('Kalomo',49,1225,'2024-02-09 16:34:03','2024-02-09 16:34:03'),('Siavonga',49,1226,'2024-02-09 16:34:03','2024-02-09 16:34:03'),('Livingstone',49,1227,'2024-02-09 16:34:03','2024-02-09 16:34:03'),('Solwezi',49,1228,'2024-02-09 16:34:03','2024-02-09 16:34:03'),('Kitwe',49,1229,'2024-02-09 16:34:03','2024-02-09 16:34:03'),('Mufakose',50,1230,'2024-02-09 16:34:03','2024-02-09 16:34:03'),('Victoria Falls',50,1231,'2024-02-09 16:34:03','2024-02-09 16:34:03'),('Kwekwe',50,1232,'2024-02-09 16:34:03','2024-02-09 16:34:03'),('Bulawayo',50,1233,'2024-02-09 16:34:03','2024-02-09 16:34:03'),('Harare',50,1234,'2024-02-09 16:34:03','2024-02-09 16:34:03'),('Gwanda',50,1235,'2024-02-09 16:34:03','2024-02-09 16:34:03'),('Mutare',50,1236,'2024-02-09 16:34:03','2024-02-09 16:34:03'),('Chinhoyi',50,1237,'2024-02-09 16:34:03','2024-02-09 16:34:03'),('Greendale',50,1238,'2024-02-09 16:34:03','2024-02-09 16:34:03');
/*!40000 ALTER TABLE `cities` ENABLE KEYS */;
UNLOCK TABLES;

--
-- Table structure for table `countries`
--

DROP TABLE IF EXISTS `countries`;
/*!40101 SET @saved_cs_client     = @@character_set_client */;
/*!50503 SET character_set_client = utf8mb4 */;
CREATE TABLE `countries` (
  `name` varchar(50) NOT NULL,
  `id` int NOT NULL AUTO_INCREMENT,
  `created_at` datetime DEFAULT NULL,
  `updated_at` datetime DEFAULT NULL,
  PRIMARY KEY (`id`),
  UNIQUE KEY `name` (`name`)
) ENGINE=InnoDB AUTO_INCREMENT=51 DEFAULT CHARSET=utf8mb4 COLLATE=utf8mb4_0900_ai_ci;
/*!40101 SET character_set_client = @saved_cs_client */;

--
-- Dumping data for table `countries`
--

LOCK TABLES `countries` WRITE;
/*!40000 ALTER TABLE `countries` DISABLE KEYS */;
INSERT INTO `countries` VALUES ('Algeria',1,'2024-02-09 16:34:03','2024-02-09 16:34:03'),('Angola',2,'2024-02-09 16:34:03','2024-02-09 16:34:03'),('Benin',3,'2024-02-09 16:34:03','2024-02-09 16:34:03'),('Botswana',4,'2024-02-09 16:34:03','2024-02-09 16:34:03'),('Burkina Faso',5,'2024-02-09 16:34:03','2024-02-09 16:34:03'),('Burundi',6,'2024-02-09 16:34:03','2024-02-09 16:34:03'),('Cameroon',7,'2024-02-09 16:34:03','2024-02-09 16:34:03'),('Central African Republic',8,'2024-02-09 16:34:03','2024-02-09 16:34:03'),('Chad',9,'2024-02-09 16:34:03','2024-02-09 16:34:03'),('Comoros',10,'2024-02-09 16:34:03','2024-02-09 16:34:03'),('Djibouti',11,'2024-02-09 16:34:03','2024-02-09 16:34:03'),('Egypt',12,'2024-02-09 16:34:03','2024-02-09 16:34:03'),('Equatorial Guinea',13,'2024-02-09 16:34:03','2024-02-09 16:34:03'),('Eritrea',14,'2024-02-09 16:34:03','2024-02-09 16:34:03'),('Ethiopia',15,'2024-02-09 16:34:03','2024-02-09 16:34:03'),('Gabon',16,'2024-02-09 16:34:03','2024-02-09 16:34:03'),('Gambia',17,'2024-02-09 16:34:03','2024-02-09 16:34:03'),('Ghana',18,'2024-02-09 16:34:03','2024-02-09 16:34:03'),('Guinea',19,'2024-02-09 16:34:03','2024-02-09 16:34:03'),('Guinea-Bissau',20,'2024-02-09 16:34:03','2024-02-09 16:34:03'),('Ivory Coast',21,'2024-02-09 16:34:03','2024-02-09 16:34:03'),('Kenya',22,'2024-02-09 16:34:03','2024-02-09 16:34:03'),('Lesotho',23,'2024-02-09 16:34:03','2024-02-09 16:34:03'),('Liberia',24,'2024-02-09 16:34:03','2024-02-09 16:34:03'),('Libya',25,'2024-02-09 16:34:03','2024-02-09 16:34:03'),('Madagascar',26,'2024-02-09 16:34:03','2024-02-09 16:34:03'),('Malawi',27,'2024-02-09 16:34:03','2024-02-09 16:34:03'),('Mali',28,'2024-02-09 16:34:03','2024-02-09 16:34:03'),('Mauritania',29,'2024-02-09 16:34:03','2024-02-09 16:34:03'),('Mauritius',30,'2024-02-09 16:34:03','2024-02-09 16:34:03'),('Mayotte',31,'2024-02-09 16:34:03','2024-02-09 16:34:03'),('Morocco',32,'2024-02-09 16:34:03','2024-02-09 16:34:03'),('Mozambique',33,'2024-02-09 16:34:03','2024-02-09 16:34:03'),('Namibia',34,'2024-02-09 16:34:03','2024-02-09 16:34:03'),('Niger',35,'2024-02-09 16:34:03','2024-02-09 16:34:03'),('Nigeria',36,'2024-02-09 16:34:03','2024-02-09 16:34:03'),('Rwanda',37,'2024-02-09 16:34:03','2024-02-09 16:34:03'),('Réunion',38,'2024-02-09 16:34:03','2024-02-09 16:34:03'),('Senegal',39,'2024-02-09 16:34:03','2024-02-09 16:34:03'),('Sierra Leone',40,'2024-02-09 16:34:03','2024-02-09 16:34:03'),('Seychelles',41,'2024-02-09 16:34:03','2024-02-09 16:34:03'),('Somalia',42,'2024-02-09 16:34:03','2024-02-09 16:34:03'),('South Africa',43,'2024-02-09 16:34:03','2024-02-09 16:34:03'),('Sudan',44,'2024-02-09 16:34:03','2024-02-09 16:34:03'),('Tanzania',45,'2024-02-09 16:34:03','2024-02-09 16:34:03'),('Togo',46,'2024-02-09 16:34:03','2024-02-09 16:34:03'),('Tunisia',47,'2024-02-09 16:34:03','2024-02-09 16:34:03'),('Uganda',48,'2024-02-09 16:34:03','2024-02-09 16:34:03'),('Zambia',49,'2024-02-09 16:34:03','2024-02-09 16:34:03'),('Zimbabwe',50,'2024-02-09 16:34:03','2024-02-09 16:34:03');
/*!40000 ALTER TABLE `countries` ENABLE KEYS */;
UNLOCK TABLES;

--
-- Table structure for table `donors`
--

DROP TABLE IF EXISTS `donors`;
/*!40101 SET @saved_cs_client     = @@character_set_client */;
/*!50503 SET character_set_client = utf8mb4 */;
CREATE TABLE `donors` (
  `username` varchar(50) NOT NULL,
  `email` varchar(50) NOT NULL,
  `password_hash` varchar(80) NOT NULL,
  `phone_number` varchar(20) DEFAULT NULL,
  `full_name` varchar(50) NOT NULL,
  `age` int NOT NULL,
  `gender` enum('Male','Female') DEFAULT NULL,
  `blood_category` enum('A+','A-','B+','B-','AB+','AB-','O+','O-') DEFAULT NULL,
  `id` int NOT NULL AUTO_INCREMENT,
  `created_at` datetime DEFAULT NULL,
  `updated_at` datetime DEFAULT NULL,
  PRIMARY KEY (`id`),
  UNIQUE KEY `username` (`username`),
  UNIQUE KEY `email` (`email`),
  UNIQUE KEY `phone_number` (`phone_number`)
) ENGINE=InnoDB AUTO_INCREMENT=5 DEFAULT CHARSET=utf8mb4 COLLATE=utf8mb4_0900_ai_ci;
/*!40101 SET character_set_client = @saved_cs_client */;

--
-- Dumping data for table `donors`
--

LOCK TABLES `donors` WRITE;
/*!40000 ALTER TABLE `donors` DISABLE KEYS */;
INSERT INTO `donors` VALUES ('Chareeef','youssef.charif.h@gmail.com','$2b$12$QpSKU6MyRtY14Zn5p6HsWOoITyXbJiKVRWJKp/TrHwge4mMa5crUG',NULL,'Youssef Charif Hamidi',22,'Male',NULL,1,'2024-02-09 16:01:46','2024-02-09 16:01:46'),('MERYAM AYYI','meryamayyi2005@gmail.com','$2b$12$tHWjvn4psUUC5k8LpeArteGESXlVe/9BZYY/6yehoixnyOTDWb54m','0656002340','AYYI MARYEM',19,'Female','B+',2,'2024-02-09 15:55:56','2024-02-09 15:55:56'),('Ken','Kenansameseret@gmail.com','$2b$12$Qib48g80FWpxtzz7sPG1yevgQKOEYh7.IGuYBNA9/zWsHhiQ.VPj.','737377377373737','Ken men',21,'Male','A+',3,'2024-02-09 16:01:46','2024-02-09 16:01:46'),('blainoctocat','Blain@mail.com','$2b$12$upR/DKFrKXKRiebZB5Sl3OVzCrpLHiXUUrBrhwlXQi.nzLEQXRMSm',NULL,'Blain Muema',25,'Male',NULL,4,'2024-02-09 18:05:30','2024-02-09 18:05:30');
/*!40000 ALTER TABLE `donors` ENABLE KEYS */;
UNLOCK TABLES;

--
-- Table structure for table `donors_centers`
--

DROP TABLE IF EXISTS `donors_centers`;
/*!40101 SET @saved_cs_client     = @@character_set_client */;
/*!50503 SET character_set_client = utf8mb4 */;
CREATE TABLE `donors_centers` (
  `center_id` int DEFAULT NULL,
  `donor_id` int DEFAULT NULL,
  KEY `center_id` (`center_id`),
  KEY `donor_id` (`donor_id`),
  CONSTRAINT `donors_centers_ibfk_1` FOREIGN KEY (`center_id`) REFERENCES `transfusion_centers` (`id`) ON DELETE CASCADE,
  CONSTRAINT `donors_centers_ibfk_2` FOREIGN KEY (`donor_id`) REFERENCES `donors` (`id`) ON DELETE CASCADE
) ENGINE=InnoDB DEFAULT CHARSET=utf8mb4 COLLATE=utf8mb4_0900_ai_ci;
/*!40101 SET character_set_client = @saved_cs_client */;

--
-- Dumping data for table `donors_centers`
--

LOCK TABLES `donors_centers` WRITE;
/*!40000 ALTER TABLE `donors_centers` DISABLE KEYS */;
/*!40000 ALTER TABLE `donors_centers` ENABLE KEYS */;
UNLOCK TABLES;

--
-- Table structure for table `transfusion_centers`
--

DROP TABLE IF EXISTS `transfusion_centers`;
/*!40101 SET @saved_cs_client     = @@character_set_client */;
/*!50503 SET character_set_client = utf8mb4 */;
CREATE TABLE `transfusion_centers` (
  `name` varchar(50) NOT NULL,
  `email` varchar(50) NOT NULL,
  `password_hash` varchar(80) NOT NULL,
  `phone_number` varchar(20) DEFAULT NULL,
  `map_coordinates` varchar(80) DEFAULT NULL,
  `city_id` int NOT NULL,
  `id` int NOT NULL AUTO_INCREMENT,
  `created_at` datetime DEFAULT NULL,
  `updated_at` datetime DEFAULT NULL,
  PRIMARY KEY (`id`),
  UNIQUE KEY `email` (`email`),
  UNIQUE KEY `phone_number` (`phone_number`),
  KEY `city_id` (`city_id`),
  CONSTRAINT `transfusion_centers_ibfk_1` FOREIGN KEY (`city_id`) REFERENCES `cities` (`id`)
) ENGINE=InnoDB AUTO_INCREMENT=4 DEFAULT CHARSET=utf8mb4 COLLATE=utf8mb4_0900_ai_ci;
/*!40101 SET character_set_client = @saved_cs_client */;

--
-- Dumping data for table `transfusion_centers`
--

LOCK TABLES `transfusion_centers` WRITE;
/*!40000 ALTER TABLE `transfusion_centers` DISABLE KEYS */;
INSERT INTO `transfusion_centers` VALUES ('Sahraoui TC','sahraoui@gmail.com','$2b$12$Q269Ej/5Nc.s.e/HhbC6ZeuaYBZ27qIsh5s5H2h9cxCHR8Kks9y82',NULL,NULL,506,1,'2024-02-09 16:01:46','2024-02-09 16:01:46'),('Annaba  TC','annabatc@gmail.com','$2b$12$BBOLKuInB8/uGUSzMiOh0Oehp3e570.IY3kDPN.zVOIfnwirIOi22',NULL,NULL,6,2,'2024-02-09 15:55:56','2024-02-09 15:55:56'),('Lac TC','Lac@gmail.com','$2b$12$eGk10lIpgR10pz7lWWO..OX0NsvpLQVI0uq0t1osVAfE13aghCNba',NULL,NULL,170,3,'2024-02-09 18:05:30','2024-02-09 18:05:30');
/*!40000 ALTER TABLE `transfusion_centers` ENABLE KEYS */;
UNLOCK TABLES;
/*!40103 SET TIME_ZONE=@OLD_TIME_ZONE */;

/*!40101 SET SQL_MODE=@OLD_SQL_MODE */;
/*!40014 SET FOREIGN_KEY_CHECKS=@OLD_FOREIGN_KEY_CHECKS */;
/*!40014 SET UNIQUE_CHECKS=@OLD_UNIQUE_CHECKS */;
/*!40101 SET CHARACTER_SET_CLIENT=@OLD_CHARACTER_SET_CLIENT */;
/*!40101 SET CHARACTER_SET_RESULTS=@OLD_CHARACTER_SET_RESULTS */;
/*!40101 SET COLLATION_CONNECTION=@OLD_COLLATION_CONNECTION */;
/*!40111 SET SQL_NOTES=@OLD_SQL_NOTES */;

-- Dump completed on 2024-02-09 18:17:40
