-- MySQL dump 10.13  Distrib 8.0.36, for Linux (x86_64)
--
-- Host: localhost    Database: hayat_dev_db
-- ------------------------------------------------------
-- Server version	8.0.36-0ubuntu0.20.04.1

/*!40101 SET @OLD_CHARACTER_SET_CLIENT=@@CHARACTER_SET_CLIENT */;
/*!40101 SET @OLD_CHARACTER_SET_RESULTS=@@CHARACTER_SET_RESULTS */;
/*!40101 SET @OLD_COLLATION_CONNECTION=@@COLLATION_CONNECTION */;
/*!50503 SET NAMES utf8mb4 */;
/*!40103 SET @OLD_TIME_ZONE=@@TIME_ZONE */;
/*!40103 SET TIME_ZONE='+00:00' */;
/*!40014 SET @OLD_UNIQUE_CHECKS=@@UNIQUE_CHECKS, UNIQUE_CHECKS=0 */;
/*!40014 SET @OLD_FOREIGN_KEY_CHECKS=@@FOREIGN_KEY_CHECKS, FOREIGN_KEY_CHECKS=0 */;
/*!40101 SET @OLD_SQL_MODE=@@SQL_MODE, SQL_MODE='NO_AUTO_VALUE_ON_ZERO' */;
/*!40111 SET @OLD_SQL_NOTES=@@SQL_NOTES, SQL_NOTES=0 */;

--
-- Table structure for table `blood_bags`
--

DROP TABLE IF EXISTS `blood_bags`;
/*!40101 SET @saved_cs_client     = @@character_set_client */;
/*!50503 SET character_set_client = utf8mb4 */;
CREATE TABLE `blood_bags` (
  `blood_category` enum('A+','A-','B+','B-','AB+','AB-','O+','O-') NOT NULL,
  `quantity` int NOT NULL,
  `situation` enum('Stable','Soon Shortage','Critic') NOT NULL,
  `center_id` int NOT NULL,
  `id` int NOT NULL AUTO_INCREMENT,
  `created_at` datetime DEFAULT NULL,
  `updated_at` datetime DEFAULT NULL,
  PRIMARY KEY (`id`),
  KEY `center_id` (`center_id`),
  CONSTRAINT `blood_bags_ibfk_1` FOREIGN KEY (`center_id`) REFERENCES `transfusion_centers` (`id`)
) ENGINE=InnoDB AUTO_INCREMENT=25 DEFAULT CHARSET=utf8mb4 COLLATE=utf8mb4_0900_ai_ci;
/*!40101 SET character_set_client = @saved_cs_client */;

--
-- Dumping data for table `blood_bags`
--

LOCK TABLES `blood_bags` WRITE;
/*!40000 ALTER TABLE `blood_bags` DISABLE KEYS */;
INSERT INTO `blood_bags` VALUES ('A+',30,'Stable',1,1,'2024-02-08 01:20:11','2024-02-08 01:20:11'),('A-',30,'Stable',1,2,'2024-02-08 01:20:11','2024-02-08 01:20:11'),('B+',30,'Stable',1,3,'2024-02-08 01:20:11','2024-02-08 01:20:11'),('B-',30,'Stable',1,4,'2024-02-08 01:20:11','2024-02-08 01:20:11'),('AB+',30,'Stable',1,5,'2024-02-08 01:20:11','2024-02-08 01:20:11'),('AB-',30,'Stable',1,6,'2024-02-08 01:20:11','2024-02-08 01:20:11'),('O+',30,'Stable',1,7,'2024-02-08 01:20:11','2024-02-08 01:20:11'),('O-',30,'Stable',1,8,'2024-02-08 01:20:11','2024-02-08 01:20:11'),('A+',30,'Stable',2,9,'2024-02-08 01:20:11','2024-02-08 01:20:11'),('A-',30,'Stable',2,10,'2024-02-08 01:20:11','2024-02-08 01:20:11'),('B+',30,'Stable',2,11,'2024-02-08 01:20:11','2024-02-08 01:20:11'),('B-',30,'Stable',2,12,'2024-02-08 01:20:11','2024-02-08 01:20:11'),('AB+',30,'Stable',2,13,'2024-02-08 01:20:11','2024-02-08 01:20:11'),('AB-',30,'Stable',2,14,'2024-02-08 01:20:11','2024-02-08 01:20:11'),('O+',30,'Stable',2,15,'2024-02-08 01:20:11','2024-02-08 01:20:11'),('O-',30,'Stable',2,16,'2024-02-08 01:20:11','2024-02-08 01:20:11'),('A+',30,'Stable',3,17,'2024-02-08 01:20:11','2024-02-08 01:20:11'),('A-',30,'Stable',3,18,'2024-02-08 01:20:11','2024-02-08 01:20:11'),('B+',30,'Stable',3,19,'2024-02-08 01:20:11','2024-02-08 01:20:11'),('B-',30,'Stable',3,20,'2024-02-08 01:20:11','2024-02-08 01:20:11'),('AB+',30,'Stable',3,21,'2024-02-08 01:20:11','2024-02-08 01:20:11'),('AB-',30,'Stable',3,22,'2024-02-08 01:20:11','2024-02-08 01:20:11'),('O+',30,'Stable',3,23,'2024-02-08 01:20:11','2024-02-08 01:20:11'),('O-',30,'Stable',3,24,'2024-02-08 01:20:11','2024-02-08 01:20:11');
/*!40000 ALTER TABLE `blood_bags` ENABLE KEYS */;
UNLOCK TABLES;

--
-- Table structure for table `cities`
--

DROP TABLE IF EXISTS `cities`;
/*!40101 SET @saved_cs_client     = @@character_set_client */;
/*!50503 SET character_set_client = utf8mb4 */;
CREATE TABLE `cities` (
  `name` varchar(50) NOT NULL,
  `country_id` int NOT NULL,
  `id` int NOT NULL AUTO_INCREMENT,
  `created_at` datetime DEFAULT NULL,
  `updated_at` datetime DEFAULT NULL,
  PRIMARY KEY (`id`),
  KEY `country_id` (`country_id`),
  CONSTRAINT `cities_ibfk_1` FOREIGN KEY (`country_id`) REFERENCES `countries` (`id`)
) ENGINE=InnoDB AUTO_INCREMENT=1239 DEFAULT CHARSET=utf8mb4 COLLATE=utf8mb4_0900_ai_ci;
/*!40101 SET character_set_client = @saved_cs_client */;

--
-- Dumping data for table `cities`
--

LOCK TABLES `cities` WRITE;
/*!40000 ALTER TABLE `cities` DISABLE KEYS */;
INSERT INTO `cities` VALUES ('Oued Smar',1,1,'2024-02-07 12:53:54','2024-02-07 12:53:54'),('Tiaret',1,2,'2024-02-07 12:53:54','2024-02-07 12:53:54'),('Chlef',1,3,'2024-02-07 12:53:54','2024-02-07 12:53:54'),('Batna City',1,4,'2024-02-07 12:53:54','2024-02-07 12:53:54'),('Souk Ahras',1,5,'2024-02-07 12:53:54','2024-02-07 12:53:54'),('Blida',1,6,'2024-02-07 12:53:54','2024-02-07 12:53:54'),('Azazga',1,7,'2024-02-07 12:53:54','2024-02-07 12:53:54'),('Rouiba',1,8,'2024-02-07 12:53:54','2024-02-07 12:53:54'),('Bougara',1,9,'2024-02-07 12:53:54','2024-02-07 12:53:54'),('El Tarf',1,10,'2024-02-07 12:53:54','2024-02-07 12:53:54'),('Hussein Dey',1,11,'2024-02-07 12:53:54','2024-02-07 12:53:54'),('Jijel',1,12,'2024-02-07 12:53:54','2024-02-07 12:53:54'),('Algiers',1,13,'2024-02-07 12:53:54','2024-02-07 12:53:54'),('Tlemcen',1,14,'2024-02-07 12:53:54','2024-02-07 12:53:54'),('Illizi',1,15,'2024-02-07 12:53:54','2024-02-07 12:53:54'),('Relizane',1,16,'2024-02-07 12:53:54','2024-02-07 12:53:54'),('Oran',1,17,'2024-02-07 12:53:54','2024-02-07 12:53:54'),('Laghouat',1,18,'2024-02-07 12:53:54','2024-02-07 12:53:54'),('Ouargla',1,19,'2024-02-07 12:53:54','2024-02-07 12:53:54'),('Saida',1,20,'2024-02-07 12:53:54','2024-02-07 12:53:54'),('Constantine',1,21,'2024-02-07 12:53:54','2024-02-07 12:53:54'),('Bordj Bou Arreridj',1,22,'2024-02-07 12:53:54','2024-02-07 12:53:54'),('Tissemsilt',1,23,'2024-02-07 12:53:54','2024-02-07 12:53:54'),('Annaba',1,24,'2024-02-07 12:53:54','2024-02-07 12:53:54'),('Bordj',1,25,'2024-02-07 12:53:54','2024-02-07 12:53:54'),('Kouba',1,26,'2024-02-07 12:53:54','2024-02-07 12:53:54'),('Tizi',1,27,'2024-02-07 12:53:54','2024-02-07 12:53:54'),('Cheraga',1,28,'2024-02-07 12:53:54','2024-02-07 12:53:54'),('Djelfa',1,29,'2024-02-07 12:53:54','2024-02-07 12:53:54'),('Draria',1,30,'2024-02-07 12:53:54','2024-02-07 12:53:54'),('Tamanghasset',1,31,'2024-02-07 12:53:54','2024-02-07 12:53:54'),('Tizi Ouzou',1,32,'2024-02-07 12:53:54','2024-02-07 12:53:54'),('Ondjiva',2,33,'2024-02-07 12:53:54','2024-02-07 12:53:54'),('Piri',2,34,'2024-02-07 12:53:54','2024-02-07 12:53:54'),('Muxaluando',2,35,'2024-02-07 12:53:54','2024-02-07 12:53:54'),('Ambriz',2,36,'2024-02-07 12:53:54','2024-02-07 12:53:54'),('Cabinda',2,37,'2024-02-07 12:53:54','2024-02-07 12:53:54'),('Menongue',2,38,'2024-02-07 12:53:54','2024-02-07 12:53:54'),('Lucapa',2,39,'2024-02-07 12:53:54','2024-02-07 12:53:54'),('Namibe',2,40,'2024-02-07 12:53:54','2024-02-07 12:53:54'),('Luanda',2,41,'2024-02-07 12:53:54','2024-02-07 12:53:54'),('Camabatela',2,42,'2024-02-07 12:53:54','2024-02-07 12:53:54'),('Huambo',2,43,'2024-02-07 12:53:54','2024-02-07 12:53:54'),('Cacole',2,44,'2024-02-07 12:53:54','2024-02-07 12:53:54'),('Benguela',2,45,'2024-02-07 12:53:54','2024-02-07 12:53:54'),('Saurimo',2,46,'2024-02-07 12:53:54','2024-02-07 12:53:54'),('Lubango',2,47,'2024-02-07 12:53:54','2024-02-07 12:53:54'),('Malanje',2,48,'2024-02-07 12:53:54','2024-02-07 12:53:54'),('Cazeta',2,49,'2024-02-07 12:53:54','2024-02-07 12:53:54'),('Talatona',2,50,'2024-02-07 12:53:54','2024-02-07 12:53:54'),('Lobito',2,51,'2024-02-07 12:53:54','2024-02-07 12:53:54'),('Kuito',2,52,'2024-02-07 12:53:54','2024-02-07 12:53:54'),('Lumeje',2,53,'2024-02-07 12:53:54','2024-02-07 12:53:54'),('Littoral',3,54,'2024-02-07 12:53:54','2024-02-07 12:53:54'),('Oueme',3,55,'2024-02-07 12:53:54','2024-02-07 12:53:54'),('Atlantique',3,56,'2024-02-07 12:53:54','2024-02-07 12:53:54'),('Borgou',3,57,'2024-02-07 12:53:54','2024-02-07 12:53:54'),('Atakora',3,58,'2024-02-07 12:53:54','2024-02-07 12:53:54'),('Collines',3,59,'2024-02-07 12:53:54','2024-02-07 12:53:54'),('Alibori',3,60,'2024-02-07 12:53:54','2024-02-07 12:53:54'),('Kouffo',3,61,'2024-02-07 12:53:54','2024-02-07 12:53:54'),('Zou',3,62,'2024-02-07 12:53:54','2024-02-07 12:53:54'),('Donga',3,63,'2024-02-07 12:53:54','2024-02-07 12:53:54'),('Mono',3,64,'2024-02-07 12:53:54','2024-02-07 12:53:54'),('Plateau',3,65,'2024-02-07 12:53:54','2024-02-07 12:53:54'),('Francistown',4,66,'2024-02-07 12:53:54','2024-02-07 12:53:54'),('Serowe',4,67,'2024-02-07 12:53:54','2024-02-07 12:53:54'),('Orapa',4,68,'2024-02-07 12:53:54','2024-02-07 12:53:54'),('Gaborone',4,69,'2024-02-07 12:53:54','2024-02-07 12:53:54'),('Village',4,70,'2024-02-07 12:53:54','2024-02-07 12:53:54'),('Sourou',5,71,'2024-02-07 12:53:54','2024-02-07 12:53:54'),('Bazega',5,72,'2024-02-07 12:53:54','2024-02-07 12:53:54'),('Namentenga',5,73,'2024-02-07 12:53:54','2024-02-07 12:53:54'),('Sanmatenga',5,74,'2024-02-07 12:53:54','2024-02-07 12:53:54'),('Boulgou',5,75,'2024-02-07 12:53:54','2024-02-07 12:53:54'),('Koulpelogo',5,76,'2024-02-07 12:53:54','2024-02-07 12:53:54'),('Kadiogo',5,77,'2024-02-07 12:53:54','2024-02-07 12:53:54'),('Gnagna',5,78,'2024-02-07 12:53:54','2024-02-07 12:53:54'),('Nayala',5,79,'2024-02-07 12:53:54','2024-02-07 12:53:54'),('Oubritenga',5,80,'2024-02-07 12:53:54','2024-02-07 12:53:54'),('Kompienga',5,81,'2024-02-07 12:53:54','2024-02-07 12:53:54'),('Noumbiel',5,82,'2024-02-07 12:53:54','2024-02-07 12:53:54'),('Komondjari',5,83,'2024-02-07 12:53:54','2024-02-07 12:53:54'),('Soum',5,84,'2024-02-07 12:53:54','2024-02-07 12:53:54'),('Zondoma',5,85,'2024-02-07 12:53:54','2024-02-07 12:53:54'),('Zoundweogo',5,86,'2024-02-07 12:53:54','2024-02-07 12:53:54'),('Poni',5,87,'2024-02-07 12:53:54','2024-02-07 12:53:54'),('Gourma',5,88,'2024-02-07 12:53:54','2024-02-07 12:53:54'),('Nahouri',5,89,'2024-02-07 12:53:54','2024-02-07 12:53:54'),('Sissili',5,90,'2024-02-07 12:53:54','2024-02-07 12:53:54'),('Ziro',5,91,'2024-02-07 12:53:54','2024-02-07 12:53:54'),('Comoe',5,92,'2024-02-07 12:53:54','2024-02-07 12:53:54'),('Tapoa',5,93,'2024-02-07 12:53:54','2024-02-07 12:53:54'),('Mouhoun',5,94,'2024-02-07 12:53:54','2024-02-07 12:53:54'),('Seno',5,95,'2024-02-07 12:53:54','2024-02-07 12:53:54'),('Passore',5,96,'2024-02-07 12:53:54','2024-02-07 12:53:54'),('Ganzourgou',5,97,'2024-02-07 12:53:54','2024-02-07 12:53:54'),('Bale',5,98,'2024-02-07 12:53:54','2024-02-07 12:53:54'),('Bougouriba',5,99,'2024-02-07 12:53:54','2024-02-07 12:53:54'),('Kossi',5,100,'2024-02-07 12:53:54','2024-02-07 12:53:54'),('Oudalan',5,101,'2024-02-07 12:53:54','2024-02-07 12:53:54'),('Tuy',5,102,'2024-02-07 12:53:54','2024-02-07 12:53:54'),('Yagha',5,103,'2024-02-07 12:53:54','2024-02-07 12:53:54'),('Banwa',5,104,'2024-02-07 12:53:54','2024-02-07 12:53:54'),('Boulkiemde',5,105,'2024-02-07 12:53:54','2024-02-07 12:53:54'),('Houet',5,106,'2024-02-07 12:53:54','2024-02-07 12:53:54'),('Bam',5,107,'2024-02-07 12:53:54','2024-02-07 12:53:54'),('Leraba',5,108,'2024-02-07 12:53:54','2024-02-07 12:53:54'),('Kouritenga',5,109,'2024-02-07 12:53:54','2024-02-07 12:53:54'),('Yatenga',5,110,'2024-02-07 12:53:54','2024-02-07 12:53:54'),('Kourweogo',5,111,'2024-02-07 12:53:54','2024-02-07 12:53:54'),('Kenedougou',5,112,'2024-02-07 12:53:54','2024-02-07 12:53:54'),('Loroum',5,113,'2024-02-07 12:53:54','2024-02-07 12:53:54'),('Ioba',5,114,'2024-02-07 12:53:54','2024-02-07 12:53:54'),('Sanguie',5,115,'2024-02-07 12:53:54','2024-02-07 12:53:54'),('Makamba',6,116,'2024-02-07 12:53:54','2024-02-07 12:53:54'),('Cankuzo',6,117,'2024-02-07 12:53:54','2024-02-07 12:53:54'),('Bururi',6,118,'2024-02-07 12:53:54','2024-02-07 12:53:54'),('Rutana',6,119,'2024-02-07 12:53:54','2024-02-07 12:53:54'),('Gitega',6,120,'2024-02-07 12:53:54','2024-02-07 12:53:54'),('Ruyigi',6,121,'2024-02-07 12:53:54','2024-02-07 12:53:54'),('Muramvya',6,122,'2024-02-07 12:53:54','2024-02-07 12:53:54'),('Mwaro',6,123,'2024-02-07 12:53:54','2024-02-07 12:53:54'),('Ngozi',6,124,'2024-02-07 12:53:54','2024-02-07 12:53:54'),('Karuzi',6,125,'2024-02-07 12:53:54','2024-02-07 12:53:54'),('Muyinga',6,126,'2024-02-07 12:53:54','2024-02-07 12:53:54'),('Kayanza',6,127,'2024-02-07 12:53:54','2024-02-07 12:53:54'),('Kirundo',6,128,'2024-02-07 12:53:54','2024-02-07 12:53:54'),('Bujumbura Rural',6,129,'2024-02-07 12:53:54','2024-02-07 12:53:54'),('Bujumbura Mairie',6,130,'2024-02-07 12:53:54','2024-02-07 12:53:54'),('Cibitoke',6,131,'2024-02-07 12:53:54','2024-02-07 12:53:54'),('Bubanza',6,132,'2024-02-07 12:53:54','2024-02-07 12:53:54'),('Kribi',8,133,'2024-02-07 12:53:54','2024-02-07 12:53:54'),('Ringo',8,134,'2024-02-07 12:53:54','2024-02-07 12:53:54'),('Tibati',8,135,'2024-02-07 12:53:54','2024-02-07 12:53:54'),('Bafia',8,136,'2024-02-07 12:53:54','2024-02-07 12:53:54'),('Bafoussam',8,137,'2024-02-07 12:53:54','2024-02-07 12:53:54'),('Buea',8,138,'2024-02-07 12:53:54','2024-02-07 12:53:54'),('Douala',8,139,'2024-02-07 12:53:54','2024-02-07 12:53:54'),('Kumba',8,140,'2024-02-07 12:53:54','2024-02-07 12:53:54'),('Bamenda',8,141,'2024-02-07 12:53:54','2024-02-07 12:53:54'),('Haute-Kotto',9,142,'2024-02-07 12:53:54','2024-02-07 12:53:54'),('Ouham-Pende',9,143,'2024-02-07 12:53:54','2024-02-07 12:53:54'),('Mambere-Kadei',9,144,'2024-02-07 12:53:54','2024-02-07 12:53:54'),('Ouham',9,145,'2024-02-07 12:53:54','2024-02-07 12:53:54'),('Nana-Grebizi',9,146,'2024-02-07 12:53:54','2024-02-07 12:53:54'),('Kemo',9,147,'2024-02-07 12:53:54','2024-02-07 12:53:54'),('Mbomou',9,148,'2024-02-07 12:53:54','2024-02-07 12:53:54'),('Ombella-Mpoko',9,149,'2024-02-07 12:53:54','2024-02-07 12:53:54'),('Nana-Mambere',9,150,'2024-02-07 12:53:54','2024-02-07 12:53:54'),('Ouaka',9,151,'2024-02-07 12:53:54','2024-02-07 12:53:54'),('Lobaye',9,152,'2024-02-07 12:53:54','2024-02-07 12:53:54'),('Bangui',9,153,'2024-02-07 12:53:54','2024-02-07 12:53:54'),('Vakaga',9,154,'2024-02-07 12:53:54','2024-02-07 12:53:54'),('Bamingui-Bangoran',9,155,'2024-02-07 12:53:54','2024-02-07 12:53:54'),('Sangha-Mbaere',9,156,'2024-02-07 12:53:54','2024-02-07 12:53:54'),('Basse-Kotto',9,157,'2024-02-07 12:53:54','2024-02-07 12:53:54'),('Haut-Mbomou',9,158,'2024-02-07 12:53:54','2024-02-07 12:53:54'),('Batha',10,159,'2024-02-07 12:53:54','2024-02-07 12:53:54'),('Logone Oriental',10,160,'2024-02-07 12:53:54','2024-02-07 12:53:54'),('Kanem',10,161,'2024-02-07 12:53:54','2024-02-07 12:53:54'),('Mayo-Kebbi',10,162,'2024-02-07 12:53:54','2024-02-07 12:53:54'),('Moyen-Chari',10,163,'2024-02-07 12:53:54','2024-02-07 12:53:54'),('Tandjile',10,164,'2024-02-07 12:53:54','2024-02-07 12:53:54'),('Guéra',10,165,'2024-02-07 12:53:54','2024-02-07 12:53:54'),('Biltine',10,166,'2024-02-07 12:53:54','2024-02-07 12:53:54'),('Salamat',10,167,'2024-02-07 12:53:54','2024-02-07 12:53:54'),('Ouaddaï',10,168,'2024-02-07 12:53:54','2024-02-07 12:53:54'),('Borkou-Ennedi-Tibesti',10,169,'2024-02-07 12:53:54','2024-02-07 12:53:54'),('Logone Occidental',10,170,'2024-02-07 12:53:54','2024-02-07 12:53:54'),('Chari-Baguirmi',10,171,'2024-02-07 12:53:54','2024-02-07 12:53:54'),('Lac',10,172,'2024-02-07 12:53:54','2024-02-07 12:53:54'),('Moheli (Mwali)',11,173,'2024-02-07 12:53:54','2024-02-07 12:53:54'),('Anjouan (Nzwani)',11,174,'2024-02-07 12:53:54','2024-02-07 12:53:54'),('Grande Comore (Njazidja)',11,175,'2024-02-07 12:53:54','2024-02-07 12:53:54'),('Tadjoura',14,176,'2024-02-07 12:53:54','2024-02-07 12:53:54'),('Obock',14,177,'2024-02-07 12:53:54','2024-02-07 12:53:54'),('Ali Sabih',14,178,'2024-02-07 12:53:54','2024-02-07 12:53:54'),('Djibouti',14,179,'2024-02-07 12:53:54','2024-02-07 12:53:54'),('Dikhil',14,180,'2024-02-07 12:53:54','2024-02-07 12:53:54'),('Faraskur',15,181,'2024-02-07 12:53:54','2024-02-07 12:53:54'),('Damietta',15,182,'2024-02-07 12:53:54','2024-02-07 12:53:54'),('Giza',15,183,'2024-02-07 12:53:54','2024-02-07 12:53:54'),('Cairo',15,184,'2024-02-07 12:53:54','2024-02-07 12:53:54'),('Toukh',15,185,'2024-02-07 12:53:54','2024-02-07 12:53:54'),('Sohag',15,186,'2024-02-07 12:53:54','2024-02-07 12:53:54'),('Minya',15,187,'2024-02-07 12:53:54','2024-02-07 12:53:54'),('Al Mansurah',15,188,'2024-02-07 12:53:54','2024-02-07 12:53:54'),('Bani Suwayf',15,189,'2024-02-07 12:53:54','2024-02-07 12:53:54'),('Shubra',15,190,'2024-02-07 12:53:54','2024-02-07 12:53:54'),('Luxor',15,191,'2024-02-07 12:53:54','2024-02-07 12:53:54'),('Almazah',15,192,'2024-02-07 12:53:54','2024-02-07 12:53:54'),('Zagazig',15,193,'2024-02-07 12:53:54','2024-02-07 12:53:54'),('Flaminj',15,194,'2024-02-07 12:53:54','2024-02-07 12:53:54'),('Al Mahallah al Kubra',15,195,'2024-02-07 12:53:54','2024-02-07 12:53:54'),('Alexandria',15,196,'2024-02-07 12:53:54','2024-02-07 12:53:54'),('Sadat',15,197,'2024-02-07 12:53:54','2024-02-07 12:53:54'),('Tanta',15,198,'2024-02-07 12:53:54','2024-02-07 12:53:54'),('Al Marj',15,199,'2024-02-07 12:53:54','2024-02-07 12:53:54'),('Ramsis',15,200,'2024-02-07 12:53:54','2024-02-07 12:53:54'),('Shirbin',15,201,'2024-02-07 12:53:54','2024-02-07 12:53:54'),('Nasr',15,202,'2024-02-07 12:53:54','2024-02-07 12:53:54'),('Suez',15,203,'2024-02-07 12:53:54','2024-02-07 12:53:54'),('Az Zamalik',15,204,'2024-02-07 12:53:54','2024-02-07 12:53:54'),('Heliopolis',15,205,'2024-02-07 12:53:54','2024-02-07 12:53:54'),('Madinat an Nasr',15,206,'2024-02-07 12:53:54','2024-02-07 12:53:54'),('Port Said',15,207,'2024-02-07 12:53:54','2024-02-07 12:53:54'),('Banha',15,208,'2024-02-07 12:53:54','2024-02-07 12:53:54'),('New Cairo',15,209,'2024-02-07 12:53:54','2024-02-07 12:53:54'),('Ismailia',15,210,'2024-02-07 12:53:54','2024-02-07 12:53:54'),('Rafah',15,211,'2024-02-07 12:53:54','2024-02-07 12:53:54'),('Hurghada',15,212,'2024-02-07 12:53:54','2024-02-07 12:53:54'),('Ar Rawdah',15,213,'2024-02-07 12:53:54','2024-02-07 12:53:54'),('Badr',15,214,'2024-02-07 12:53:54','2024-02-07 12:53:54'),('Helwan',15,215,'2024-02-07 12:53:54','2024-02-07 12:53:54'),('Assiut',15,216,'2024-02-07 12:53:54','2024-02-07 12:53:54'),('Abu Hammad',15,217,'2024-02-07 12:53:54','2024-02-07 12:53:54'),('Madinat as Sadis min Uktubar',15,218,'2024-02-07 12:53:54','2024-02-07 12:53:54'),('Kafr ash Shaykh',15,219,'2024-02-07 12:53:54','2024-02-07 12:53:54'),('Annobon',16,220,'2024-02-07 12:53:54','2024-02-07 12:53:54'),('Bioko Norte',16,221,'2024-02-07 12:53:54','2024-02-07 12:53:54'),('Bioko Sur',16,222,'2024-02-07 12:53:54','2024-02-07 12:53:54'),('Centro Sur',16,223,'2024-02-07 12:53:54','2024-02-07 12:53:54'),('Wele-Nzas',16,224,'2024-02-07 12:53:54','2024-02-07 12:53:54'),('Litoral',16,225,'2024-02-07 12:53:54','2024-02-07 12:53:54'),('Kie-Ntem',16,226,'2024-02-07 12:53:54','2024-02-07 12:53:54'),('Debubawi K\'eyih Bahri',17,227,'2024-02-07 12:53:54','2024-02-07 12:53:54'),('Semenawi Keyih Bahri',17,228,'2024-02-07 12:53:54','2024-02-07 12:53:54'),('Ma\'akel',17,229,'2024-02-07 12:53:54','2024-02-07 12:53:54'),('Anseba',17,230,'2024-02-07 12:53:54','2024-02-07 12:53:54'),('Debub',17,231,'2024-02-07 12:53:54','2024-02-07 12:53:54'),('Gash Barka',17,232,'2024-02-07 12:53:54','2024-02-07 12:53:54'),('Gambela Hizboch',19,233,'2024-02-07 12:53:54','2024-02-07 12:53:54'),('Binshangul Gumuz',19,234,'2024-02-07 12:53:54','2024-02-07 12:53:54'),('Oromia',19,235,'2024-02-07 12:53:54','2024-02-07 12:53:54'),('Afar',19,236,'2024-02-07 12:53:54','2024-02-07 12:53:54'),('Harari',19,237,'2024-02-07 12:53:54','2024-02-07 12:53:54'),('Dire Dawa',19,238,'2024-02-07 12:53:54','2024-02-07 12:53:54'),('Amhara',19,239,'2024-02-07 12:53:54','2024-02-07 12:53:54'),('Somali',19,240,'2024-02-07 12:53:54','2024-02-07 12:53:54'),('Tigray',19,241,'2024-02-07 12:53:54','2024-02-07 12:53:54'),('Addis Ababa',19,242,'2024-02-07 12:53:54','2024-02-07 12:53:54'),('Moanda',20,243,'2024-02-07 12:53:54','2024-02-07 12:53:54'),('Mamagnia',20,244,'2024-02-07 12:53:54','2024-02-07 12:53:54'),('Gamba',20,245,'2024-02-07 12:53:54','2024-02-07 12:53:54'),('Port-Gentil',20,246,'2024-02-07 12:53:54','2024-02-07 12:53:54'),('Libreville',20,247,'2024-02-07 12:53:54','2024-02-07 12:53:54'),('Upper River',21,248,'2024-02-07 12:53:54','2024-02-07 12:53:54'),('Western',21,249,'2024-02-07 12:53:54','2024-02-07 12:53:54'),('Central River',21,250,'2024-02-07 12:53:54','2024-02-07 12:53:54'),('Banjul',21,251,'2024-02-07 12:53:54','2024-02-07 12:53:54'),('Lower River',21,252,'2024-02-07 12:53:54','2024-02-07 12:53:54'),('North Bank',21,253,'2024-02-07 12:53:54','2024-02-07 12:53:54'),('Takoradi',22,254,'2024-02-07 12:53:54','2024-02-07 12:53:54'),('Bawku',22,255,'2024-02-07 12:53:54','2024-02-07 12:53:54'),('Kumasi',22,256,'2024-02-07 12:53:54','2024-02-07 12:53:54'),('Legon',22,257,'2024-02-07 12:53:54','2024-02-07 12:53:54'),('Home',22,258,'2024-02-07 12:53:54','2024-02-07 12:53:54'),('Koforidua',22,259,'2024-02-07 12:53:54','2024-02-07 12:53:54'),('Navrongo',22,260,'2024-02-07 12:53:54','2024-02-07 12:53:54'),('Sunyani',22,261,'2024-02-07 12:53:54','2024-02-07 12:53:54'),('Accra',22,262,'2024-02-07 12:53:54','2024-02-07 12:53:54'),('Berekum',22,263,'2024-02-07 12:53:54','2024-02-07 12:53:54'),('Cape Coast',22,264,'2024-02-07 12:53:54','2024-02-07 12:53:54'),('Tema',22,265,'2024-02-07 12:53:54','2024-02-07 12:53:54'),('Wa',22,266,'2024-02-07 12:53:54','2024-02-07 12:53:54'),('Winneba',22,267,'2024-02-07 12:53:54','2024-02-07 12:53:54'),('Mampong',22,268,'2024-02-07 12:53:54','2024-02-07 12:53:54'),('Bolgatanga',22,269,'2024-02-07 12:53:54','2024-02-07 12:53:54'),('Sangaredi',23,270,'2024-02-07 12:53:54','2024-02-07 12:53:54'),('Conakry',23,271,'2024-02-07 12:53:54','2024-02-07 12:53:54'),('Mamou',23,272,'2024-02-07 12:53:54','2024-02-07 12:53:54'),('Dabola',23,273,'2024-02-07 12:53:54','2024-02-07 12:53:54'),('Kalia',23,274,'2024-02-07 12:53:54','2024-02-07 12:53:54'),('Port Kamsar',23,275,'2024-02-07 12:53:54','2024-02-07 12:53:54'),('Kankan',23,276,'2024-02-07 12:53:54','2024-02-07 12:53:54'),('Lola',23,277,'2024-02-07 12:53:54','2024-02-07 12:53:54'),('Oio',24,278,'2024-02-07 12:53:54','2024-02-07 12:53:54'),('Bolama',24,279,'2024-02-07 12:53:54','2024-02-07 12:53:54'),('Quinara',24,280,'2024-02-07 12:53:54','2024-02-07 12:53:54'),('Bafata',24,281,'2024-02-07 12:53:54','2024-02-07 12:53:54'),('Biombo',24,282,'2024-02-07 12:53:54','2024-02-07 12:53:54'),('Bissau',24,283,'2024-02-07 12:53:54','2024-02-07 12:53:54'),('Cacheu',24,284,'2024-02-07 12:53:54','2024-02-07 12:53:54'),('Tombali',24,285,'2024-02-07 12:53:54','2024-02-07 12:53:54'),('Gabu',24,286,'2024-02-07 12:53:54','2024-02-07 12:53:54'),('Séguéla',25,287,'2024-02-07 12:53:54','2024-02-07 12:53:54'),('Bocanda',25,288,'2024-02-07 12:53:54','2024-02-07 12:53:54'),('Man',25,289,'2024-02-07 12:53:54','2024-02-07 12:53:54'),('Bonoua',25,290,'2024-02-07 12:53:54','2024-02-07 12:53:54'),('Agnéby-Tiassa',25,291,'2024-02-07 12:53:54','2024-02-07 12:53:54'),('Tiassalé',25,292,'2024-02-07 12:53:54','2024-02-07 12:53:54'),('Gbôklé',25,293,'2024-02-07 12:53:54','2024-02-07 12:53:54'),('Grands-Ponts',25,294,'2024-02-07 12:53:54','2024-02-07 12:53:54'),('Issia',25,295,'2024-02-07 12:53:54','2024-02-07 12:53:54'),('Yamoussoukro',25,296,'2024-02-07 12:53:54','2024-02-07 12:53:54'),('Marahoué',25,297,'2024-02-07 12:53:54','2024-02-07 12:53:54'),('Bondoukou',25,298,'2024-02-07 12:53:54','2024-02-07 12:53:54'),('Biankouma',25,299,'2024-02-07 12:53:54','2024-02-07 12:53:54'),('Sinfra',25,300,'2024-02-07 12:53:54','2024-02-07 12:53:54'),('Agnibilékrou',25,301,'2024-02-07 12:53:54','2024-02-07 12:53:54'),('Grand-Bassam',25,302,'2024-02-07 12:53:54','2024-02-07 12:53:54'),('Nawa',25,303,'2024-02-07 12:53:54','2024-02-07 12:53:54'),('Daoukro',25,304,'2024-02-07 12:53:54','2024-02-07 12:53:54'),('Sassandra',25,305,'2024-02-07 12:53:54','2024-02-07 12:53:54'),('N\'Zi',25,306,'2024-02-07 12:53:54','2024-02-07 12:53:54'),('Bangolo',25,307,'2024-02-07 12:53:54','2024-02-07 12:53:54'),('Béré',25,308,'2024-02-07 12:53:54','2024-02-07 12:53:54'),('Mankono',25,309,'2024-02-07 12:53:54','2024-02-07 12:53:54'),('Toulépleu Gueré',25,310,'2024-02-07 12:53:54','2024-02-07 12:53:54'),('Bongouanou',25,311,'2024-02-07 12:53:54','2024-02-07 12:53:54'),('Toumodi',25,312,'2024-02-07 12:53:54','2024-02-07 12:53:54'),('Dabou',25,313,'2024-02-07 12:53:54','2024-02-07 12:53:54'),('Tabou',25,314,'2024-02-07 12:53:54','2024-02-07 12:53:54'),('Hambol',25,315,'2024-02-07 12:53:54','2024-02-07 12:53:54'),('Anyama',25,316,'2024-02-07 12:53:54','2024-02-07 12:53:54'),('Vavoua',25,317,'2024-02-07 12:53:54','2024-02-07 12:53:54'),('Botro',25,318,'2024-02-07 12:53:54','2024-02-07 12:53:54'),('Oumé',25,319,'2024-02-07 12:53:54','2024-02-07 12:53:54'),('Abobo',25,320,'2024-02-07 12:53:54','2024-02-07 12:53:54'),('Odienné',25,321,'2024-02-07 12:53:54','2024-02-07 12:53:54'),('Daloa',25,322,'2024-02-07 12:53:54','2024-02-07 12:53:54'),('Gôh',25,323,'2024-02-07 12:53:54','2024-02-07 12:53:54'),('Bouaké',25,324,'2024-02-07 12:53:54','2024-02-07 12:53:54'),('Akoupé',25,325,'2024-02-07 12:53:54','2024-02-07 12:53:54'),('Gagnoa',25,326,'2024-02-07 12:53:54','2024-02-07 12:53:54'),('Zuénoula',25,327,'2024-02-07 12:53:54','2024-02-07 12:53:54'),('Iffou',25,328,'2024-02-07 12:53:54','2024-02-07 12:53:54'),('Indénié-Djuablin',25,329,'2024-02-07 12:53:54','2024-02-07 12:53:54'),('Kabadougou',25,330,'2024-02-07 12:53:54','2024-02-07 12:53:54'),('Touba',25,331,'2024-02-07 12:53:54','2024-02-07 12:53:54'),('Worodougou',25,332,'2024-02-07 12:53:54','2024-02-07 12:53:54'),('Guibéroua',25,333,'2024-02-07 12:53:54','2024-02-07 12:53:54'),('Gbêkê',25,334,'2024-02-07 12:53:54','2024-02-07 12:53:54'),('Duekoué',25,335,'2024-02-07 12:53:54','2024-02-07 12:53:54'),('Gontougo',25,336,'2024-02-07 12:53:54','2024-02-07 12:53:54'),('Tonkpi',25,337,'2024-02-07 12:53:54','2024-02-07 12:53:54'),('Aboisso',25,338,'2024-02-07 12:53:54','2024-02-07 12:53:54'),('Cavally',25,339,'2024-02-07 12:53:54','2024-02-07 12:53:54'),('Bafing',25,340,'2024-02-07 12:53:54','2024-02-07 12:53:54'),('Affery',25,341,'2024-02-07 12:53:54','2024-02-07 12:53:54'),('Katiola',25,342,'2024-02-07 12:53:54','2024-02-07 12:53:54'),('Grand-Lahou',25,343,'2024-02-07 12:53:54','2024-02-07 12:53:54'),('Agboville',25,344,'2024-02-07 12:53:54','2024-02-07 12:53:54'),('Tanda',25,345,'2024-02-07 12:53:54','2024-02-07 12:53:54'),('San-Pédro',25,346,'2024-02-07 12:53:54','2024-02-07 12:53:54'),('Bélier',25,347,'2024-02-07 12:53:54','2024-02-07 12:53:54'),('Sud-Comoé',25,348,'2024-02-07 12:53:54','2024-02-07 12:53:54'),('Bounkani',25,349,'2024-02-07 12:53:54','2024-02-07 12:53:54'),('Guémon',25,350,'2024-02-07 12:53:54','2024-02-07 12:53:54'),('Dabakala',25,351,'2024-02-07 12:53:54','2024-02-07 12:53:54'),('Divo',25,352,'2024-02-07 12:53:54','2024-02-07 12:53:54'),('Haut-Sassandra',25,353,'2024-02-07 12:53:54','2024-02-07 12:53:54'),('Sakassou',25,354,'2024-02-07 12:53:54','2024-02-07 12:53:54'),('Bouna',25,355,'2024-02-07 12:53:54','2024-02-07 12:53:54'),('Lôh-Djiboua',25,356,'2024-02-07 12:53:54','2024-02-07 12:53:54'),('Béoumi',25,357,'2024-02-07 12:53:54','2024-02-07 12:53:54'),('Abidjan',25,358,'2024-02-07 12:53:54','2024-02-07 12:53:54'),('Ayamé',25,359,'2024-02-07 12:53:54','2024-02-07 12:53:54'),('Lakota',25,360,'2024-02-07 12:53:54','2024-02-07 12:53:54'),('Folon',25,361,'2024-02-07 12:53:54','2024-02-07 12:53:54'),('Abengourou',25,362,'2024-02-07 12:53:54','2024-02-07 12:53:54'),('Guiglo',25,363,'2024-02-07 12:53:54','2024-02-07 12:53:54'),('Adzopé',25,364,'2024-02-07 12:53:54','2024-02-07 12:53:54'),('Bouaflé',25,365,'2024-02-07 12:53:54','2024-02-07 12:53:54'),('Moronou',25,366,'2024-02-07 12:53:54','2024-02-07 12:53:54'),('Bingerville',25,367,'2024-02-07 12:53:54','2024-02-07 12:53:54'),('Dimbokro',25,368,'2024-02-07 12:53:54','2024-02-07 12:53:54'),('Danané',25,369,'2024-02-07 12:53:54','2024-02-07 12:53:54'),('Adiaké',25,370,'2024-02-07 12:53:54','2024-02-07 12:53:54'),('Arrah',25,371,'2024-02-07 12:53:54','2024-02-07 12:53:54'),('Kisii',26,372,'2024-02-07 12:53:54','2024-02-07 12:53:54'),('Nairobi',26,373,'2024-02-07 12:53:54','2024-02-07 12:53:54'),('Siaya',26,374,'2024-02-07 12:53:54','2024-02-07 12:53:54'),('Mbita',26,375,'2024-02-07 12:53:54','2024-02-07 12:53:54'),('Kikuyu',26,376,'2024-02-07 12:53:54','2024-02-07 12:53:54'),('Kiambu',26,377,'2024-02-07 12:53:54','2024-02-07 12:53:54'),('Mombasa',26,378,'2024-02-07 12:53:54','2024-02-07 12:53:54'),('Kabete',26,379,'2024-02-07 12:53:54','2024-02-07 12:53:54'),('Chuka',26,380,'2024-02-07 12:53:54','2024-02-07 12:53:54'),('Wote',26,381,'2024-02-07 12:53:54','2024-02-07 12:53:54'),('Bondo',26,382,'2024-02-07 12:53:54','2024-02-07 12:53:54'),('Maseno',26,383,'2024-02-07 12:53:54','2024-02-07 12:53:54'),('Nakuru',26,384,'2024-02-07 12:53:54','2024-02-07 12:53:54'),('Kitale',26,385,'2024-02-07 12:53:54','2024-02-07 12:53:54'),('Thika',26,386,'2024-02-07 12:53:54','2024-02-07 12:53:54'),('Turbo',26,387,'2024-02-07 12:53:54','2024-02-07 12:53:54'),('Kisumu',26,388,'2024-02-07 12:53:54','2024-02-07 12:53:54'),('Kaiboi',26,389,'2024-02-07 12:53:54','2024-02-07 12:53:54'),('Machakos',26,390,'2024-02-07 12:53:54','2024-02-07 12:53:54'),('Karatina',26,391,'2024-02-07 12:53:54','2024-02-07 12:53:54'),('Kitui',26,392,'2024-02-07 12:53:54','2024-02-07 12:53:54'),('Eldoret',26,393,'2024-02-07 12:53:54','2024-02-07 12:53:54'),('Sawa Sawa',26,394,'2024-02-07 12:53:54','2024-02-07 12:53:54'),('Mokhotlong',27,395,'2024-02-07 12:53:54','2024-02-07 12:53:54'),('Mafeteng',27,396,'2024-02-07 12:53:54','2024-02-07 12:53:54'),('Mohale\'s Hoek',27,397,'2024-02-07 12:53:54','2024-02-07 12:53:54'),('Berea',27,398,'2024-02-07 12:53:54','2024-02-07 12:53:54'),('Butha-Buthe',27,399,'2024-02-07 12:53:54','2024-02-07 12:53:54'),('Leribe',27,400,'2024-02-07 12:53:54','2024-02-07 12:53:54'),('Maseru',27,401,'2024-02-07 12:53:54','2024-02-07 12:53:54'),('Thaba-Tseka',27,402,'2024-02-07 12:53:54','2024-02-07 12:53:54'),('Quthing',27,403,'2024-02-07 12:53:54','2024-02-07 12:53:54'),('Qacha\'s Nek',27,404,'2024-02-07 12:53:54','2024-02-07 12:53:54'),('Maryland',28,405,'2024-02-07 12:53:54','2024-02-07 12:53:54'),('Nimba',28,406,'2024-02-07 12:53:54','2024-02-07 12:53:54'),('Grand Kru',28,407,'2024-02-07 12:53:54','2024-02-07 12:53:54'),('Bomi',28,408,'2024-02-07 12:53:54','2024-02-07 12:53:54'),('River Gee',28,409,'2024-02-07 12:53:54','2024-02-07 12:53:54'),('River Cess',28,410,'2024-02-07 12:53:54','2024-02-07 12:53:54'),('Grand Bassa',28,411,'2024-02-07 12:53:54','2024-02-07 12:53:54'),('Margibi',28,412,'2024-02-07 12:53:54','2024-02-07 12:53:54'),('Lofa',28,413,'2024-02-07 12:53:54','2024-02-07 12:53:54'),('Gbarpolu',28,414,'2024-02-07 12:53:54','2024-02-07 12:53:54'),('Grand Cape Mount',28,415,'2024-02-07 12:53:54','2024-02-07 12:53:54'),('Bong',28,416,'2024-02-07 12:53:54','2024-02-07 12:53:54'),('Grand Gedeh',28,417,'2024-02-07 12:53:54','2024-02-07 12:53:54'),('Montserrado',28,418,'2024-02-07 12:53:54','2024-02-07 12:53:54'),('Sinoe',28,419,'2024-02-07 12:53:54','2024-02-07 12:53:54'),('Tripoli',29,420,'2024-02-07 12:53:54','2024-02-07 12:53:54'),('Benghazi',29,421,'2024-02-07 12:53:54','2024-02-07 12:53:54'),('Sabha',29,422,'2024-02-07 12:53:54','2024-02-07 12:53:54'),('Zliten',29,423,'2024-02-07 12:53:54','2024-02-07 12:53:54'),('Misratah',29,424,'2024-02-07 12:53:54','2024-02-07 12:53:54'),('Antananarivo',30,425,'2024-02-07 12:53:54','2024-02-07 12:53:54'),('Antsiranana',30,426,'2024-02-07 12:53:54','2024-02-07 12:53:54'),('Toamasina',30,427,'2024-02-07 12:53:54','2024-02-07 12:53:54'),('Toliara',30,428,'2024-02-07 12:53:54','2024-02-07 12:53:54'),('Ambanja',30,429,'2024-02-07 12:53:54','2024-02-07 12:53:54'),('Fianarantsoa',30,430,'2024-02-07 12:53:54','2024-02-07 12:53:54'),('Antsirabe',30,431,'2024-02-07 12:53:54','2024-02-07 12:53:54'),('Rumphi',31,432,'2024-02-07 12:53:54','2024-02-07 12:53:54'),('Kasungu',31,433,'2024-02-07 12:53:54','2024-02-07 12:53:54'),('Nkhotakota',31,434,'2024-02-07 12:53:54','2024-02-07 12:53:54'),('Balaka',31,435,'2024-02-07 12:53:54','2024-02-07 12:53:54'),('Dedza',31,436,'2024-02-07 12:53:54','2024-02-07 12:53:54'),('Salima',31,437,'2024-02-07 12:53:54','2024-02-07 12:53:54'),('Mulanje',31,438,'2024-02-07 12:53:54','2024-02-07 12:53:54'),('Dowa',31,439,'2024-02-07 12:53:54','2024-02-07 12:53:54'),('Phalombe',31,440,'2024-02-07 12:53:54','2024-02-07 12:53:54'),('Machinga',31,441,'2024-02-07 12:53:54','2024-02-07 12:53:54'),('Ntcheu',31,442,'2024-02-07 12:53:54','2024-02-07 12:53:54'),('Blantyre',31,443,'2024-02-07 12:53:54','2024-02-07 12:53:54'),('Mwanza',31,444,'2024-02-07 12:53:54','2024-02-07 12:53:54'),('Chiradzulu',31,445,'2024-02-07 12:53:54','2024-02-07 12:53:54'),('Ntchisi',31,446,'2024-02-07 12:53:54','2024-02-07 12:53:54'),('Thyolo',31,447,'2024-02-07 12:53:54','2024-02-07 12:53:54'),('Mangochi',31,448,'2024-02-07 12:53:54','2024-02-07 12:53:54'),('Chitipa',31,449,'2024-02-07 12:53:54','2024-02-07 12:53:54'),('Karonga',31,450,'2024-02-07 12:53:54','2024-02-07 12:53:54'),('Nkhata Bay',31,451,'2024-02-07 12:53:54','2024-02-07 12:53:54'),('Mzimba',31,452,'2024-02-07 12:53:54','2024-02-07 12:53:54'),('Lilongwe',31,453,'2024-02-07 12:53:54','2024-02-07 12:53:54'),('Zomba',31,454,'2024-02-07 12:53:54','2024-02-07 12:53:54'),('Mchinji',31,455,'2024-02-07 12:53:54','2024-02-07 12:53:54'),('Nsanje',31,456,'2024-02-07 12:53:54','2024-02-07 12:53:54'),('Likoma',31,457,'2024-02-07 12:53:54','2024-02-07 12:53:54'),('Chikwawa',31,458,'2024-02-07 12:53:54','2024-02-07 12:53:54'),('Bamako (Capital)',32,459,'2024-02-07 12:53:54','2024-02-07 12:53:54'),('Koulikoro',32,460,'2024-02-07 12:53:54','2024-02-07 12:53:54'),('Gao',32,461,'2024-02-07 12:53:54','2024-02-07 12:53:54'),('Sikasso',32,462,'2024-02-07 12:53:54','2024-02-07 12:53:54'),('Kidal',32,463,'2024-02-07 12:53:54','2024-02-07 12:53:54'),('Tombouctou',32,464,'2024-02-07 12:53:54','2024-02-07 12:53:54'),('Kayes',32,465,'2024-02-07 12:53:54','2024-02-07 12:53:54'),('Mopti',32,466,'2024-02-07 12:53:54','2024-02-07 12:53:54'),('Segou',32,467,'2024-02-07 12:53:54','2024-02-07 12:53:54'),('Assaba',33,468,'2024-02-07 12:53:54','2024-02-07 12:53:54'),('Hodh El Gharbi',33,469,'2024-02-07 12:53:54','2024-02-07 12:53:54'),('Inchiri',33,470,'2024-02-07 12:53:54','2024-02-07 12:53:54'),('Brakna',33,471,'2024-02-07 12:53:54','2024-02-07 12:53:54'),('Tagant',33,472,'2024-02-07 12:53:54','2024-02-07 12:53:54'),('Dakhlet Nouadhibou',33,473,'2024-02-07 12:53:54','2024-02-07 12:53:54'),('Adrar',33,474,'2024-02-07 12:53:54','2024-02-07 12:53:54'),('Nouakchott',33,475,'2024-02-07 12:53:54','2024-02-07 12:53:54'),('Hodh Ech Chargui',33,476,'2024-02-07 12:53:54','2024-02-07 12:53:54'),('Trarza',33,477,'2024-02-07 12:53:54','2024-02-07 12:53:54'),('Guidimaka',33,478,'2024-02-07 12:53:54','2024-02-07 12:53:54'),('Tiris Zemmour',33,479,'2024-02-07 12:53:54','2024-02-07 12:53:54'),('Gorgol',33,480,'2024-02-07 12:53:54','2024-02-07 12:53:54'),('Chemin Grenier',34,481,'2024-02-07 12:53:54','2024-02-07 12:53:54'),('Quatre Bornes',34,482,'2024-02-07 12:53:54','2024-02-07 12:53:54'),('Port Louis',34,483,'2024-02-07 12:53:54','2024-02-07 12:53:54'),('Vacoas',34,484,'2024-02-07 12:53:54','2024-02-07 12:53:54'),('Port Mathurin',34,485,'2024-02-07 12:53:54','2024-02-07 12:53:54'),('Tamarin',34,486,'2024-02-07 12:53:54','2024-02-07 12:53:54'),('Le Reduit',34,487,'2024-02-07 12:53:54','2024-02-07 12:53:54'),('Rose Hill',34,488,'2024-02-07 12:53:54','2024-02-07 12:53:54'),('Ebene CyberCity',34,489,'2024-02-07 12:53:54','2024-02-07 12:53:54'),('Floreal',34,490,'2024-02-07 12:53:54','2024-02-07 12:53:54'),('Goodlands',34,491,'2024-02-07 12:53:54','2024-02-07 12:53:54'),('Saint Jean',34,492,'2024-02-07 12:53:54','2024-02-07 12:53:54'),('Beau Bassin',34,493,'2024-02-07 12:53:54','2024-02-07 12:53:54'),('Pamandzi',35,494,'2024-02-07 12:53:54','2024-02-07 12:53:54'),('Ouangani',35,495,'2024-02-07 12:53:54','2024-02-07 12:53:54'),('Chiconi',35,496,'2024-02-07 12:53:54','2024-02-07 12:53:54'),('Koungou',35,497,'2024-02-07 12:53:54','2024-02-07 12:53:54'),('Combani',35,498,'2024-02-07 12:53:54','2024-02-07 12:53:54'),('Sada',35,499,'2024-02-07 12:53:54','2024-02-07 12:53:54'),('Dzaoudzi',35,500,'2024-02-07 12:53:54','2024-02-07 12:53:54'),('Dzoumonye',35,501,'2024-02-07 12:53:54','2024-02-07 12:53:54'),('Tsoundzou 1',35,502,'2024-02-07 12:53:54','2024-02-07 12:53:54'),('Tsingoni',35,503,'2024-02-07 12:53:54','2024-02-07 12:53:54'),('Mamoudzou',35,504,'2024-02-07 12:53:54','2024-02-07 12:53:54'),('Bandaboa',35,505,'2024-02-07 12:53:54','2024-02-07 12:53:54'),('Deroua',36,506,'2024-02-07 12:53:54','2024-02-07 12:53:54'),('Assa',36,507,'2024-02-07 12:53:54','2024-02-07 12:53:54'),('Tiflet',36,508,'2024-02-07 12:53:54','2024-02-07 12:53:54'),('Tiznit',36,509,'2024-02-07 12:53:54','2024-02-07 12:53:54'),('Nador',36,510,'2024-02-07 12:53:54','2024-02-07 12:53:54'),('Rabat',36,511,'2024-02-07 12:53:54','2024-02-07 12:53:54'),('Erfoud',36,512,'2024-02-07 12:53:54','2024-02-07 12:53:54'),('Marrakesh',36,513,'2024-02-07 12:53:54','2024-02-07 12:53:54'),('Al Hoceima',36,514,'2024-02-07 12:53:54','2024-02-07 12:53:54'),('Mehediyah',36,515,'2024-02-07 12:53:54','2024-02-07 12:53:54'),('Agadir',36,516,'2024-02-07 12:53:54','2024-02-07 12:53:54'),('El Hajeb',36,517,'2024-02-07 12:53:54','2024-02-07 12:53:54'),('Mohammedia',36,518,'2024-02-07 12:53:54','2024-02-07 12:53:54'),('El Jadida',36,519,'2024-02-07 12:53:54','2024-02-07 12:53:54'),('Tan-Tan',36,520,'2024-02-07 12:53:54','2024-02-07 12:53:54'),('Temara',36,521,'2024-02-07 12:53:54','2024-02-07 12:53:54'),('Ait Melloul',36,522,'2024-02-07 12:53:54','2024-02-07 12:53:54'),('Settat',36,523,'2024-02-07 12:53:54','2024-02-07 12:53:54'),('Berrechid',36,524,'2024-02-07 12:53:54','2024-02-07 12:53:54'),('Sidi Slimane',36,525,'2024-02-07 12:53:54','2024-02-07 12:53:54'),('Khouribga',36,526,'2024-02-07 12:53:54','2024-02-07 12:53:54'),('Beni Mellal',36,527,'2024-02-07 12:53:54','2024-02-07 12:53:54'),('Taza',36,528,'2024-02-07 12:53:54','2024-02-07 12:53:54'),('Mansour',36,529,'2024-02-07 12:53:54','2024-02-07 12:53:54'),('Tahala',36,530,'2024-02-07 12:53:54','2024-02-07 12:53:54'),('Oued Zem',36,531,'2024-02-07 12:53:54','2024-02-07 12:53:54'),('Oulad Teima',36,532,'2024-02-07 12:53:54','2024-02-07 12:53:54'),('El Gara',36,533,'2024-02-07 12:53:54','2024-02-07 12:53:54'),('Sefrou',36,534,'2024-02-07 12:53:54','2024-02-07 12:53:54'),('Touissite',36,535,'2024-02-07 12:53:54','2024-02-07 12:53:54'),('Casablanca',36,536,'2024-02-07 12:53:54','2024-02-07 12:53:54'),('Oujda',36,537,'2024-02-07 12:53:54','2024-02-07 12:53:54'),('Meknes',36,538,'2024-02-07 12:53:54','2024-02-07 12:53:54'),('Skhirat',36,539,'2024-02-07 12:53:54','2024-02-07 12:53:54'),('Benguerir',36,540,'2024-02-07 12:53:54','2024-02-07 12:53:54'),('Ouazzane',36,541,'2024-02-07 12:53:54','2024-02-07 12:53:54'),('Tangier',36,542,'2024-02-07 12:53:54','2024-02-07 12:53:54'),('Afourer',36,543,'2024-02-07 12:53:54','2024-02-07 12:53:54'),('Larache',36,544,'2024-02-07 12:53:54','2024-02-07 12:53:54'),('Fkih Ben Salah',36,545,'2024-02-07 12:53:54','2024-02-07 12:53:54'),('Ksar el Kebir',36,546,'2024-02-07 12:53:54','2024-02-07 12:53:54'),('Safi',36,547,'2024-02-07 12:53:54','2024-02-07 12:53:54'),('Tarfaya',36,548,'2024-02-07 12:53:54','2024-02-07 12:53:54'),('Sidi Bennour',36,549,'2024-02-07 12:53:54','2024-02-07 12:53:54'),('Fes',36,550,'2024-02-07 12:53:54','2024-02-07 12:53:54'),('Khemisset',36,551,'2024-02-07 12:53:54','2024-02-07 12:53:54'),('Kenitra',36,552,'2024-02-07 12:53:54','2024-02-07 12:53:54'),('Matola',37,553,'2024-02-07 12:53:54','2024-02-07 12:53:54'),('Beira',37,554,'2024-02-07 12:53:54','2024-02-07 12:53:54'),('Pemba',37,555,'2024-02-07 12:53:54','2024-02-07 12:53:54'),('Tete',37,556,'2024-02-07 12:53:54','2024-02-07 12:53:54'),('Mozambique',37,557,'2024-02-07 12:53:54','2024-02-07 12:53:54'),('Nampula',37,558,'2024-02-07 12:53:54','2024-02-07 12:53:54'),('Quelimane',37,559,'2024-02-07 12:53:54','2024-02-07 12:53:54'),('Maputo',37,560,'2024-02-07 12:53:54','2024-02-07 12:53:54'),('Etunda',38,561,'2024-02-07 12:53:54','2024-02-07 12:53:54'),('Walvis Bay',38,562,'2024-02-07 12:53:54','2024-02-07 12:53:54'),('Olympia',38,563,'2024-02-07 12:53:54','2024-02-07 12:53:54'),('Grootfontein',38,564,'2024-02-07 12:53:54','2024-02-07 12:53:54'),('Ondangwa',38,565,'2024-02-07 12:53:54','2024-02-07 12:53:54'),('Ongwediva',38,566,'2024-02-07 12:53:54','2024-02-07 12:53:54'),('Oshakati',38,567,'2024-02-07 12:53:54','2024-02-07 12:53:54'),('Otjiwarongo',38,568,'2024-02-07 12:53:54','2024-02-07 12:53:54'),('Windhoek',38,569,'2024-02-07 12:53:54','2024-02-07 12:53:54'),('Keetmanshoop',38,570,'2024-02-07 12:53:54','2024-02-07 12:53:54'),('Mpapuka',38,571,'2024-02-07 12:53:54','2024-02-07 12:53:54'),('Oranjemund',38,572,'2024-02-07 12:53:54','2024-02-07 12:53:54'),('Swakopmund',38,573,'2024-02-07 12:53:54','2024-02-07 12:53:54'),('Tsumeb',38,574,'2024-02-07 12:53:54','2024-02-07 12:53:54'),('Katima Mulilo',38,575,'2024-02-07 12:53:54','2024-02-07 12:53:54'),('Outapi',38,576,'2024-02-07 12:53:54','2024-02-07 12:53:54'),('Agadez',39,577,'2024-02-07 12:53:54','2024-02-07 12:53:54'),('Téra',39,578,'2024-02-07 12:53:54','2024-02-07 12:53:54'),('Say',39,579,'2024-02-07 12:53:54','2024-02-07 12:53:54'),('Filingué',39,580,'2024-02-07 12:53:54','2024-02-07 12:53:54'),('Gaya',39,581,'2024-02-07 12:53:54','2024-02-07 12:53:54'),('Arlit',39,582,'2024-02-07 12:53:54','2024-02-07 12:53:54'),('Illéla',39,583,'2024-02-07 12:53:54','2024-02-07 12:53:54'),('Birni Nkonni',39,584,'2024-02-07 12:53:54','2024-02-07 12:53:54'),('Madaoua',39,585,'2024-02-07 12:53:54','2024-02-07 12:53:54'),('Tânout',39,586,'2024-02-07 12:53:54','2024-02-07 12:53:54'),('Tessaoua',39,587,'2024-02-07 12:53:54','2024-02-07 12:53:54'),('Aguié',39,588,'2024-02-07 12:53:54','2024-02-07 12:53:54'),('Gouré',39,589,'2024-02-07 12:53:54','2024-02-07 12:53:54'),('Matameye',39,590,'2024-02-07 12:53:54','2024-02-07 12:53:54'),('Nguigmi',39,591,'2024-02-07 12:53:54','2024-02-07 12:53:54'),('Bouza',39,592,'2024-02-07 12:53:54','2024-02-07 12:53:54'),('Dosso',39,593,'2024-02-07 12:53:54','2024-02-07 12:53:54'),('Tillabéri',39,594,'2024-02-07 12:53:54','2024-02-07 12:53:54'),('Kollo',39,595,'2024-02-07 12:53:54','2024-02-07 12:53:54'),('Dakoro',39,596,'2024-02-07 12:53:54','2024-02-07 12:53:54'),('Gazaoua',39,597,'2024-02-07 12:53:54','2024-02-07 12:53:54'),('Ouallam',39,598,'2024-02-07 12:53:54','2024-02-07 12:53:54'),('Keita',39,599,'2024-02-07 12:53:54','2024-02-07 12:53:54'),('Zinder',39,600,'2024-02-07 12:53:54','2024-02-07 12:53:54'),('Madarounfa',39,601,'2024-02-07 12:53:54','2024-02-07 12:53:54'),('Niamey',39,602,'2024-02-07 12:53:54','2024-02-07 12:53:54'),('Maradi',39,603,'2024-02-07 12:53:54','2024-02-07 12:53:54'),('Abalak',39,604,'2024-02-07 12:53:54','2024-02-07 12:53:54'),('Tibiri',39,605,'2024-02-07 12:53:54','2024-02-07 12:53:54'),('Birni Ngaouré',39,606,'2024-02-07 12:53:54','2024-02-07 12:53:54'),('Ayourou',39,607,'2024-02-07 12:53:54','2024-02-07 12:53:54'),('Torodi',39,608,'2024-02-07 12:53:54','2024-02-07 12:53:54'),('Tahoua',39,609,'2024-02-07 12:53:54','2024-02-07 12:53:54'),('Guidan Roumji',39,610,'2024-02-07 12:53:54','2024-02-07 12:53:54'),('Dogondoutchi',39,611,'2024-02-07 12:53:54','2024-02-07 12:53:54'),('Abala',39,612,'2024-02-07 12:53:54','2024-02-07 12:53:54'),('Magaria',39,613,'2024-02-07 12:53:54','2024-02-07 12:53:54'),('Diffa',39,614,'2024-02-07 12:53:54','2024-02-07 12:53:54'),('Maïné-Soroa',39,615,'2024-02-07 12:53:54','2024-02-07 12:53:54'),('Mirria',39,616,'2024-02-07 12:53:54','2024-02-07 12:53:54'),('Tchintabaraden',39,617,'2024-02-07 12:53:54','2024-02-07 12:53:54'),('Mayahi',39,618,'2024-02-07 12:53:54','2024-02-07 12:53:54'),('Balléyara',39,619,'2024-02-07 12:53:54','2024-02-07 12:53:54'),('Magodo',40,620,'2024-02-07 12:53:54','2024-02-07 12:53:54'),('Suru-Lere',40,621,'2024-02-07 12:53:54','2024-02-07 12:53:54'),('Isolo',40,622,'2024-02-07 12:53:54','2024-02-07 12:53:54'),('Aba',40,623,'2024-02-07 12:53:54','2024-02-07 12:53:54'),('Ungwan Madaki',40,624,'2024-02-07 12:53:54','2024-02-07 12:53:54'),('Ikeja',40,625,'2024-02-07 12:53:54','2024-02-07 12:53:54'),('Suleja',40,626,'2024-02-07 12:53:54','2024-02-07 12:53:54'),('Oworonsoki',40,627,'2024-02-07 12:53:54','2024-02-07 12:53:54'),('Odau',40,628,'2024-02-07 12:53:54','2024-02-07 12:53:54'),('Uyo',40,629,'2024-02-07 12:53:54','2024-02-07 12:53:54'),('Obafemi',40,630,'2024-02-07 12:53:54','2024-02-07 12:53:54'),('Ikorodu',40,631,'2024-02-07 12:53:54','2024-02-07 12:53:54'),('Ile-Ife',40,632,'2024-02-07 12:53:54','2024-02-07 12:53:54'),('Lekki',40,633,'2024-02-07 12:53:54','2024-02-07 12:53:54'),('Apapa',40,634,'2024-02-07 12:53:54','2024-02-07 12:53:54'),('Abuja',40,635,'2024-02-07 12:53:54','2024-02-07 12:53:54'),('Burutu',40,636,'2024-02-07 12:53:54','2024-02-07 12:53:54'),('Bonny',40,637,'2024-02-07 12:53:54','2024-02-07 12:53:54'),('Ilesa',40,638,'2024-02-07 12:53:54','2024-02-07 12:53:54'),('Ido',40,639,'2024-02-07 12:53:54','2024-02-07 12:53:54'),('Osogbo',40,640,'2024-02-07 12:53:54','2024-02-07 12:53:54'),('Owerri',40,641,'2024-02-07 12:53:54','2024-02-07 12:53:54'),('Ajuwon',40,642,'2024-02-07 12:53:54','2024-02-07 12:53:54'),('Ilorin',40,643,'2024-02-07 12:53:54','2024-02-07 12:53:54'),('Nsukka',40,644,'2024-02-07 12:53:54','2024-02-07 12:53:54'),('Tara',40,645,'2024-02-07 12:53:54','2024-02-07 12:53:54'),('Aganga',40,646,'2024-02-07 12:53:54','2024-02-07 12:53:54'),('Lokoja',40,647,'2024-02-07 12:53:54','2024-02-07 12:53:54'),('Igueben',40,648,'2024-02-07 12:53:54','2024-02-07 12:53:54'),('Akure',40,649,'2024-02-07 12:53:54','2024-02-07 12:53:54'),('Calabar',40,650,'2024-02-07 12:53:54','2024-02-07 12:53:54'),('Chafe',40,651,'2024-02-07 12:53:54','2024-02-07 12:53:54'),('Ondo',40,652,'2024-02-07 12:53:54','2024-02-07 12:53:54'),('Egbeda',40,653,'2024-02-07 12:53:54','2024-02-07 12:53:54'),('Ota',40,654,'2024-02-07 12:53:54','2024-02-07 12:53:54'),('Oshodi',40,655,'2024-02-07 12:53:54','2024-02-07 12:53:54'),('Zaria',40,656,'2024-02-07 12:53:54','2024-02-07 12:53:54'),('Ipaja',40,657,'2024-02-07 12:53:54','2024-02-07 12:53:54'),('Ifako',40,658,'2024-02-07 12:53:54','2024-02-07 12:53:54'),('Mowe',40,659,'2024-02-07 12:53:54','2024-02-07 12:53:54'),('Igando',40,660,'2024-02-07 12:53:54','2024-02-07 12:53:54'),('Agidingbi',40,661,'2024-02-07 12:53:54','2024-02-07 12:53:54'),('Mogho',40,662,'2024-02-07 12:53:54','2024-02-07 12:53:54'),('Jalingo',40,663,'2024-02-07 12:53:54','2024-02-07 12:53:54'),('Forum',40,664,'2024-02-07 12:53:54','2024-02-07 12:53:54'),('Ojo',40,665,'2024-02-07 12:53:54','2024-02-07 12:53:54'),('Bwari',40,666,'2024-02-07 12:53:54','2024-02-07 12:53:54'),('Adodo',40,667,'2024-02-07 12:53:54','2024-02-07 12:53:54'),('Ojota',40,668,'2024-02-07 12:53:54','2024-02-07 12:53:54'),('Kaduna',40,669,'2024-02-07 12:53:54','2024-02-07 12:53:54'),('Abakaliki',40,670,'2024-02-07 12:53:54','2024-02-07 12:53:54'),('Onigbongbo',40,671,'2024-02-07 12:53:54','2024-02-07 12:53:54'),('Warri',40,672,'2024-02-07 12:53:54','2024-02-07 12:53:54'),('Funtua',40,673,'2024-02-07 12:53:54','2024-02-07 12:53:54'),('Abeokuta',40,674,'2024-02-07 12:53:54','2024-02-07 12:53:54'),('Jos',40,675,'2024-02-07 12:53:54','2024-02-07 12:53:54'),('Birnin Kebbi',40,676,'2024-02-07 12:53:54','2024-02-07 12:53:54'),('Lagos',40,677,'2024-02-07 12:53:54','2024-02-07 12:53:54'),('Ado-Ekiti',40,678,'2024-02-07 12:53:54','2024-02-07 12:53:54'),('Maryland',40,679,'2024-02-07 12:53:54','2024-02-07 12:53:54'),('Agege',40,680,'2024-02-07 12:53:54','2024-02-07 12:53:54'),('Shomolu',40,681,'2024-02-07 12:53:54','2024-02-07 12:53:54'),('Yaba',40,682,'2024-02-07 12:53:54','2024-02-07 12:53:54'),('Yola',40,683,'2024-02-07 12:53:54','2024-02-07 12:53:54'),('Obudu',40,684,'2024-02-07 12:53:54','2024-02-07 12:53:54'),('Minna',40,685,'2024-02-07 12:53:54','2024-02-07 12:53:54'),('Iseri-Oke',40,686,'2024-02-07 12:53:54','2024-02-07 12:53:54'),('Kebbi',40,687,'2024-02-07 12:53:54','2024-02-07 12:53:54'),('Mushin',40,688,'2024-02-07 12:53:54','2024-02-07 12:53:54'),('Makurdi',40,689,'2024-02-07 12:53:54','2024-02-07 12:53:54'),('Ibadan',40,690,'2024-02-07 12:53:54','2024-02-07 12:53:54'),('Port Harcourt',40,691,'2024-02-07 12:53:54','2024-02-07 12:53:54'),('Ajegunle',40,692,'2024-02-07 12:53:54','2024-02-07 12:53:54'),('Kano',40,693,'2024-02-07 12:53:54','2024-02-07 12:53:54'),('Damaturu',40,694,'2024-02-07 12:53:54','2024-02-07 12:53:54'),('Anambra',40,695,'2024-02-07 12:53:54','2024-02-07 12:53:54'),('Alimosho',40,696,'2024-02-07 12:53:54','2024-02-07 12:53:54'),('Ekpoma',40,697,'2024-02-07 12:53:54','2024-02-07 12:53:54'),('Ayobo',40,698,'2024-02-07 12:53:54','2024-02-07 12:53:54'),('Orile Oshodi',40,699,'2024-02-07 12:53:54','2024-02-07 12:53:54'),('Benin City',40,700,'2024-02-07 12:53:54','2024-02-07 12:53:54'),('Ikotun',40,701,'2024-02-07 12:53:54','2024-02-07 12:53:54'),('Enugu',40,702,'2024-02-07 12:53:54','2024-02-07 12:53:54'),('Abraka',40,703,'2024-02-07 12:53:54','2024-02-07 12:53:54'),('Ughelli',40,704,'2024-02-07 12:53:54','2024-02-07 12:53:54'),('Butare',41,705,'2024-02-07 12:53:54','2024-02-07 12:53:54'),('Gikongoro',41,706,'2024-02-07 12:53:54','2024-02-07 12:53:54'),('Ruhengeri',41,707,'2024-02-07 12:53:54','2024-02-07 12:53:54'),('Byumba',41,708,'2024-02-07 12:53:54','2024-02-07 12:53:54'),('Gisenyi',41,709,'2024-02-07 12:53:54','2024-02-07 12:53:54'),('Kigali Rurale',41,710,'2024-02-07 12:53:54','2024-02-07 12:53:54'),('Kigali-ville',41,711,'2024-02-07 12:53:54','2024-02-07 12:53:54'),('Cyangugu',41,712,'2024-02-07 12:53:54','2024-02-07 12:53:54'),('Umutara',41,713,'2024-02-07 12:53:54','2024-02-07 12:53:54'),('Gitarama',41,714,'2024-02-07 12:53:54','2024-02-07 12:53:54'),('Kibuye',41,715,'2024-02-07 12:53:54','2024-02-07 12:53:54'),('Kibungo',41,716,'2024-02-07 12:53:54','2024-02-07 12:53:54'),('Saint-Paul',42,717,'2024-02-07 12:53:54','2024-02-07 12:53:54'),('Piton Saint-Leu',42,718,'2024-02-07 12:53:54','2024-02-07 12:53:54'),('Saint-André',42,719,'2024-02-07 12:53:54','2024-02-07 12:53:54'),('Saint-Leu',42,720,'2024-02-07 12:53:54','2024-02-07 12:53:54'),('Le Port',42,721,'2024-02-07 12:53:54','2024-02-07 12:53:54'),('Saint-Pierre',42,722,'2024-02-07 12:53:54','2024-02-07 12:53:54'),('Saint-Benoît',42,723,'2024-02-07 12:53:54','2024-02-07 12:53:54'),('Saint-Joseph',42,724,'2024-02-07 12:53:54','2024-02-07 12:53:54'),('Le Tampon',42,725,'2024-02-07 12:53:54','2024-02-07 12:53:54'),('Saint-Louis',42,726,'2024-02-07 12:53:54','2024-02-07 12:53:54'),('Sainte-Marie',42,727,'2024-02-07 12:53:54','2024-02-07 12:53:54'),('Sainte-Suzanne',42,728,'2024-02-07 12:53:54','2024-02-07 12:53:54'),('La Possession',42,729,'2024-02-07 12:53:54','2024-02-07 12:53:54'),('Saint-Denis',42,730,'2024-02-07 12:53:54','2024-02-07 12:53:54'),('Louga',44,731,'2024-02-07 12:53:54','2024-02-07 12:53:54'),('Camberene',44,732,'2024-02-07 12:53:54','2024-02-07 12:53:54'),('Kaolack',44,733,'2024-02-07 12:53:54','2024-02-07 12:53:54'),('Sama',44,734,'2024-02-07 12:53:54','2024-02-07 12:53:54'),('Dakar',44,735,'2024-02-07 12:53:54','2024-02-07 12:53:54'),('Boussinki',44,736,'2024-02-07 12:53:54','2024-02-07 12:53:54'),('Tanaf',44,737,'2024-02-07 12:53:54','2024-02-07 12:53:54'),('Saint-Louis',44,738,'2024-02-07 12:53:54','2024-02-07 12:53:54'),('Dodji',44,739,'2024-02-07 12:53:54','2024-02-07 12:53:54'),('Kedougou',44,740,'2024-02-07 12:53:54','2024-02-07 12:53:54'),('Guediawaye',44,741,'2024-02-07 12:53:54','2024-02-07 12:53:54'),('Madina Kokoun',44,742,'2024-02-07 12:53:54','2024-02-07 12:53:54'),('Lungi',46,743,'2024-02-07 12:53:54','2024-02-07 12:53:54'),('Matru',46,744,'2024-02-07 12:53:54','2024-02-07 12:53:54'),('Shenge',46,745,'2024-02-07 12:53:54','2024-02-07 12:53:54'),('Yengema',46,746,'2024-02-07 12:53:54','2024-02-07 12:53:54'),('Njala',46,747,'2024-02-07 12:53:54','2024-02-07 12:53:54'),('Worodu',46,748,'2024-02-07 12:53:54','2024-02-07 12:53:54'),('Gbinti',46,749,'2024-02-07 12:53:54','2024-02-07 12:53:54'),('Yana',46,750,'2024-02-07 12:53:54','2024-02-07 12:53:54'),('Yonibana',46,751,'2024-02-07 12:53:54','2024-02-07 12:53:54'),('Sulima',46,752,'2024-02-07 12:53:54','2024-02-07 12:53:54'),('Falaba',46,753,'2024-02-07 12:53:54','2024-02-07 12:53:54'),('Wangechi',46,754,'2024-02-07 12:53:54','2024-02-07 12:53:54'),('Kaima',46,755,'2024-02-07 12:53:54','2024-02-07 12:53:54'),('Yele',46,756,'2024-02-07 12:53:54','2024-02-07 12:53:54'),('Mano',46,757,'2024-02-07 12:53:54','2024-02-07 12:53:54'),('Sumbaria',46,758,'2024-02-07 12:53:54','2024-02-07 12:53:54'),('Kalewa',46,759,'2024-02-07 12:53:54','2024-02-07 12:53:54'),('Koindu',46,760,'2024-02-07 12:53:54','2024-02-07 12:53:54'),('Madina',46,761,'2024-02-07 12:53:54','2024-02-07 12:53:54'),('Tumbu',46,762,'2024-02-07 12:53:54','2024-02-07 12:53:54'),('Port Loko',46,763,'2024-02-07 12:53:54','2024-02-07 12:53:54'),('Momaligi',46,764,'2024-02-07 12:53:54','2024-02-07 12:53:54'),('Tongo',46,765,'2024-02-07 12:53:54','2024-02-07 12:53:54'),('Bel Ombre',45,766,'2024-02-07 12:53:54','2024-02-07 12:53:54'),('Port Glaud',45,767,'2024-02-07 12:53:54','2024-02-07 12:53:54'),('Glacis',45,768,'2024-02-07 12:53:54','2024-02-07 12:53:54'),('Anse Etoile',45,769,'2024-02-07 12:53:54','2024-02-07 12:53:54'),('Anse Boileau',45,770,'2024-02-07 12:53:54','2024-02-07 12:53:54'),('Baie Sainte Anne',45,771,'2024-02-07 12:53:54','2024-02-07 12:53:54'),('Anse aux Pins',45,772,'2024-02-07 12:53:54','2024-02-07 12:53:54'),('Baie Lazare',45,773,'2024-02-07 12:53:54','2024-02-07 12:53:54'),('La Digue',45,774,'2024-02-07 12:53:54','2024-02-07 12:53:54'),('Saint Louis',45,775,'2024-02-07 12:53:54','2024-02-07 12:53:54'),('Mont Fleuri',45,776,'2024-02-07 12:53:54','2024-02-07 12:53:54'),('Cascade',45,777,'2024-02-07 12:53:54','2024-02-07 12:53:54'),('Plaisance',45,778,'2024-02-07 12:53:54','2024-02-07 12:53:54'),('Grand\' Anse',45,779,'2024-02-07 12:53:54','2024-02-07 12:53:54'),('La Riviere Anglaise',45,780,'2024-02-07 12:53:54','2024-02-07 12:53:54'),('Beau Vallon',45,781,'2024-02-07 12:53:54','2024-02-07 12:53:54'),('Anse Louis',45,782,'2024-02-07 12:53:54','2024-02-07 12:53:54'),('Anse Royale',45,783,'2024-02-07 12:53:54','2024-02-07 12:53:54'),('Pointe La Rue',45,784,'2024-02-07 12:53:54','2024-02-07 12:53:54'),('Mont Buxton',45,785,'2024-02-07 12:53:54','2024-02-07 12:53:54'),('Bel Air',45,786,'2024-02-07 12:53:54','2024-02-07 12:53:54'),('Takamaka',45,787,'2024-02-07 12:53:54','2024-02-07 12:53:54'),('Jubbada Hoose',47,788,'2024-02-07 12:53:54','2024-02-07 12:53:54'),('Awdal',47,789,'2024-02-07 12:53:54','2024-02-07 12:53:54'),('Nugaal',47,790,'2024-02-07 12:53:54','2024-02-07 12:53:54'),('Sool',47,791,'2024-02-07 12:53:54','2024-02-07 12:53:54'),('Togdheer',47,792,'2024-02-07 12:53:54','2024-02-07 12:53:54'),('Woqooyi Galbeed',47,793,'2024-02-07 12:53:54','2024-02-07 12:53:54'),('Galguduud',47,794,'2024-02-07 12:53:54','2024-02-07 12:53:54'),('Bari',47,795,'2024-02-07 12:53:54','2024-02-07 12:53:54'),('Jubbada Dhexe',47,796,'2024-02-07 12:53:54','2024-02-07 12:53:54'),('Shabeellaha Dhexe',47,797,'2024-02-07 12:53:54','2024-02-07 12:53:54'),('Bakool',47,798,'2024-02-07 12:53:54','2024-02-07 12:53:54'),('Shabeellaha Hoose',47,799,'2024-02-07 12:53:54','2024-02-07 12:53:54'),('Mudug',47,800,'2024-02-07 12:53:54','2024-02-07 12:53:54'),('Sanaag',47,801,'2024-02-07 12:53:54','2024-02-07 12:53:54'),('Hiiraan',47,802,'2024-02-07 12:53:54','2024-02-07 12:53:54'),('Bay',47,803,'2024-02-07 12:53:54','2024-02-07 12:53:54'),('Banaadir',47,804,'2024-02-07 12:53:54','2024-02-07 12:53:54'),('Gedo',47,805,'2024-02-07 12:53:54','2024-02-07 12:53:54'),('Walkerville',48,806,'2024-02-07 12:53:54','2024-02-07 12:53:54'),('Ogies',48,807,'2024-02-07 12:53:54','2024-02-07 12:53:54'),('Sun Valley',48,808,'2024-02-07 12:53:54','2024-02-07 12:53:54'),('Balfour',48,809,'2024-02-07 12:53:54','2024-02-07 12:53:54'),('Mobeni',48,810,'2024-02-07 12:53:54','2024-02-07 12:53:54'),('Brooklyn',48,811,'2024-02-07 12:53:54','2024-02-07 12:53:54'),('Hatfield',48,812,'2024-02-07 12:53:54','2024-02-07 12:53:54'),('Atlantis',48,813,'2024-02-07 12:53:54','2024-02-07 12:53:54'),('Goodwood',48,814,'2024-02-07 12:53:54','2024-02-07 12:53:54'),('Lyndhurst',48,815,'2024-02-07 12:53:54','2024-02-07 12:53:54'),('Louis Trichardt',48,816,'2024-02-07 12:53:54','2024-02-07 12:53:54'),('Constantia',48,817,'2024-02-07 12:53:54','2024-02-07 12:53:54'),('Westville',48,818,'2024-02-07 12:53:54','2024-02-07 12:53:54'),('Elarduspark',48,819,'2024-02-07 12:53:54','2024-02-07 12:53:54'),('Hilton',48,820,'2024-02-07 12:53:54','2024-02-07 12:53:54'),('Krugersdorp',48,821,'2024-02-07 12:53:54','2024-02-07 12:53:54'),('Philipstown',48,822,'2024-02-07 12:53:54','2024-02-07 12:53:54'),('Three Anchor Bay',48,823,'2024-02-07 12:53:54','2024-02-07 12:53:54'),('Oranjezicht',48,824,'2024-02-07 12:53:54','2024-02-07 12:53:54'),('Somerset West',48,825,'2024-02-07 12:53:54','2024-02-07 12:53:54'),('Tongaat',48,826,'2024-02-07 12:53:54','2024-02-07 12:53:54'),('Mmabatho',48,827,'2024-02-07 12:53:54','2024-02-07 12:53:54'),('Temba',48,828,'2024-02-07 12:53:54','2024-02-07 12:53:54'),('Onverwacht',48,829,'2024-02-07 12:53:54','2024-02-07 12:53:54'),('Umtentweni',48,830,'2024-02-07 12:53:54','2024-02-07 12:53:54'),('Standerton',48,831,'2024-02-07 12:53:54','2024-02-07 12:53:54'),('Rawsonville',48,832,'2024-02-07 12:53:54','2024-02-07 12:53:54'),('Pretoria',48,833,'2024-02-07 12:53:54','2024-02-07 12:53:54'),('Elsburg',48,834,'2024-02-07 12:53:54','2024-02-07 12:53:54'),('Plumstead',48,835,'2024-02-07 12:53:54','2024-02-07 12:53:54'),('Umbogintwini',48,836,'2024-02-07 12:53:54','2024-02-07 12:53:54'),('Meadowridge',48,837,'2024-02-07 12:53:54','2024-02-07 12:53:54'),('Ashton',48,838,'2024-02-07 12:53:54','2024-02-07 12:53:54'),('Salt Rock',48,839,'2024-02-07 12:53:54','2024-02-07 12:53:54'),('Welgelegen',48,840,'2024-02-07 12:53:54','2024-02-07 12:53:54'),('New Germany',48,841,'2024-02-07 12:53:54','2024-02-07 12:53:54'),('Lynnwood',48,842,'2024-02-07 12:53:54','2024-02-07 12:53:54'),('George',48,843,'2024-02-07 12:53:54','2024-02-07 12:53:54'),('Lansdowne',48,844,'2024-02-07 12:53:54','2024-02-07 12:53:54'),('Wartburg',48,845,'2024-02-07 12:53:54','2024-02-07 12:53:54'),('Vereeniging',48,846,'2024-02-07 12:53:54','2024-02-07 12:53:54'),('Gillitts',48,847,'2024-02-07 12:53:54','2024-02-07 12:53:54'),('Delmas',48,848,'2024-02-07 12:53:54','2024-02-07 12:53:54'),('Bryanston',48,849,'2024-02-07 12:53:54','2024-02-07 12:53:54'),('Maidstone',48,850,'2024-02-07 12:53:54','2024-02-07 12:53:54'),('Parow',48,851,'2024-02-07 12:53:54','2024-02-07 12:53:54'),('Soweto',48,852,'2024-02-07 12:53:54','2024-02-07 12:53:54'),('Katlehong',48,853,'2024-02-07 12:53:54','2024-02-07 12:53:54'),('Thohoyandou',48,854,'2024-02-07 12:53:54','2024-02-07 12:53:54'),('Hartenbos',48,855,'2024-02-07 12:53:54','2024-02-07 12:53:54'),('Bloemfontein',48,856,'2024-02-07 12:53:54','2024-02-07 12:53:54'),('Bethlehem',48,857,'2024-02-07 12:53:54','2024-02-07 12:53:54'),('Stanford',48,858,'2024-02-07 12:53:54','2024-02-07 12:53:54'),('Morningside Manor',48,859,'2024-02-07 12:53:54','2024-02-07 12:53:54'),('Lyttelton',48,860,'2024-02-07 12:53:54','2024-02-07 12:53:54'),('Phokeng',48,861,'2024-02-07 12:53:54','2024-02-07 12:53:54'),('Onderstepoort',48,862,'2024-02-07 12:53:54','2024-02-07 12:53:54'),('Virginia',48,863,'2024-02-07 12:53:54','2024-02-07 12:53:54'),('Rosettenville',48,864,'2024-02-07 12:53:54','2024-02-07 12:53:54'),('Richmond',48,865,'2024-02-07 12:53:54','2024-02-07 12:53:54'),('Cullinan',48,866,'2024-02-07 12:53:54','2024-02-07 12:53:54'),('Randburg',48,867,'2024-02-07 12:53:54','2024-02-07 12:53:54'),('Marshalltown',48,868,'2024-02-07 12:53:54','2024-02-07 12:53:54'),('Brakpan',48,869,'2024-02-07 12:53:54','2024-02-07 12:53:54'),('Port Elizabeth',48,870,'2024-02-07 12:53:54','2024-02-07 12:53:54'),('Malvern',48,871,'2024-02-07 12:53:54','2024-02-07 12:53:54'),('Umkomaas',48,872,'2024-02-07 12:53:54','2024-02-07 12:53:54'),('Zeerust',48,873,'2024-02-07 12:53:54','2024-02-07 12:53:54'),('Bellville',48,874,'2024-02-07 12:53:54','2024-02-07 12:53:54'),('Klerksdorp',48,875,'2024-02-07 12:53:54','2024-02-07 12:53:54'),('Grahamstown',48,876,'2024-02-07 12:53:54','2024-02-07 12:53:54'),('Bergvliet',48,877,'2024-02-07 12:53:54','2024-02-07 12:53:54'),('Winterton',48,878,'2024-02-07 12:53:54','2024-02-07 12:53:54'),('Wynberg',48,879,'2024-02-07 12:53:54','2024-02-07 12:53:54'),('Graaff Reinet',48,880,'2024-02-07 12:53:54','2024-02-07 12:53:54'),('Hartbeespoort',48,881,'2024-02-07 12:53:54','2024-02-07 12:53:54'),('Strand',48,882,'2024-02-07 12:53:54','2024-02-07 12:53:54'),('Capital Park',48,883,'2024-02-07 12:53:54','2024-02-07 12:53:54'),('Phoenix',48,884,'2024-02-07 12:53:54','2024-02-07 12:53:54'),('Wonderboom',48,885,'2024-02-07 12:53:54','2024-02-07 12:53:54'),('Henley on Klip',48,886,'2024-02-07 12:53:54','2024-02-07 12:53:54'),('Fordsburg',48,887,'2024-02-07 12:53:54','2024-02-07 12:53:54'),('Deneysville',48,888,'2024-02-07 12:53:54','2024-02-07 12:53:54'),('Stellenbosch',48,889,'2024-02-07 12:53:54','2024-02-07 12:53:54'),('Durban',48,890,'2024-02-07 12:53:54','2024-02-07 12:53:54'),('Empangeni',48,891,'2024-02-07 12:53:54','2024-02-07 12:53:54'),('Edenvale',48,892,'2024-02-07 12:53:54','2024-02-07 12:53:54'),('Nelspruit',48,893,'2024-02-07 12:53:54','2024-02-07 12:53:54'),('Sabie',48,894,'2024-02-07 12:53:54','2024-02-07 12:53:54'),('Roggebaai',48,895,'2024-02-07 12:53:54','2024-02-07 12:53:54'),('Isando',48,896,'2024-02-07 12:53:54','2024-02-07 12:53:54'),('Belhar',48,897,'2024-02-07 12:53:54','2024-02-07 12:53:54'),('Doornfontein',48,898,'2024-02-07 12:53:54','2024-02-07 12:53:54'),('Ladybrand',48,899,'2024-02-07 12:53:54','2024-02-07 12:53:54'),('Panorama',48,900,'2024-02-07 12:53:54','2024-02-07 12:53:54'),('Tokai',48,901,'2024-02-07 12:53:54','2024-02-07 12:53:54'),('Napier',48,902,'2024-02-07 12:53:54','2024-02-07 12:53:54'),('Faure',48,903,'2024-02-07 12:53:54','2024-02-07 12:53:54'),('Villiersdorp',48,904,'2024-02-07 12:53:54','2024-02-07 12:53:54'),('Haenertsburg',48,905,'2024-02-07 12:53:54','2024-02-07 12:53:54'),('Rooigrond',48,906,'2024-02-07 12:53:54','2024-02-07 12:53:54'),('Saint Helena Bay',48,907,'2024-02-07 12:53:54','2024-02-07 12:53:54'),('Himeville',48,908,'2024-02-07 12:53:54','2024-02-07 12:53:54'),('Grabouw',48,909,'2024-02-07 12:53:54','2024-02-07 12:53:54'),('Newcastle',48,910,'2024-02-07 12:53:54','2024-02-07 12:53:54'),('Elsenburg',48,911,'2024-02-07 12:53:54','2024-02-07 12:53:54'),('Emnambithi-Ladysmith',48,912,'2024-02-07 12:53:54','2024-02-07 12:53:54'),('Vosloorus',48,913,'2024-02-07 12:53:54','2024-02-07 12:53:54'),('Worcester',48,914,'2024-02-07 12:53:54','2024-02-07 12:53:54'),('Erasmia',48,915,'2024-02-07 12:53:54','2024-02-07 12:53:54'),('Westonaria',48,916,'2024-02-07 12:53:54','2024-02-07 12:53:54'),('Peninsula',48,917,'2024-02-07 12:53:54','2024-02-07 12:53:54'),('Fochville',48,918,'2024-02-07 12:53:54','2024-02-07 12:53:54'),('Ixopo',48,919,'2024-02-07 12:53:54','2024-02-07 12:53:54'),('Rosslyn',48,920,'2024-02-07 12:53:54','2024-02-07 12:53:54'),('Benoni',48,921,'2024-02-07 12:53:54','2024-02-07 12:53:54'),('Hillcrest',48,922,'2024-02-07 12:53:54','2024-02-07 12:53:54'),('Cape Town',48,923,'2024-02-07 12:53:54','2024-02-07 12:53:54'),('Philadelphia',48,924,'2024-02-07 12:53:54','2024-02-07 12:53:54'),('Primrose',48,925,'2024-02-07 12:53:54','2024-02-07 12:53:54'),('Gezina',48,926,'2024-02-07 12:53:54','2024-02-07 12:53:54'),('Braamfontein',48,927,'2024-02-07 12:53:54','2024-02-07 12:53:54'),('La Lucia',48,928,'2024-02-07 12:53:54','2024-02-07 12:53:54'),('Vanderbijlpark',48,929,'2024-02-07 12:53:54','2024-02-07 12:53:54'),('Pringle Bay',48,930,'2024-02-07 12:53:54','2024-02-07 12:53:54'),('Bedfordview',48,931,'2024-02-07 12:53:54','2024-02-07 12:53:54'),('Mafikeng',48,932,'2024-02-07 12:53:54','2024-02-07 12:53:54'),('Bronkhorstspruit',48,933,'2024-02-07 12:53:54','2024-02-07 12:53:54'),('Dube Location',48,934,'2024-02-07 12:53:54','2024-02-07 12:53:54'),('Knysna',48,935,'2024-02-07 12:53:54','2024-02-07 12:53:54'),('Kleinmond',48,936,'2024-02-07 12:53:54','2024-02-07 12:53:54'),('Messina',48,937,'2024-02-07 12:53:54','2024-02-07 12:53:54'),('Mount Edgecombe',48,938,'2024-02-07 12:53:54','2024-02-07 12:53:54'),('Vredenburg',48,939,'2024-02-07 12:53:54','2024-02-07 12:53:54'),('Butterworth',48,940,'2024-02-07 12:53:54','2024-02-07 12:53:54'),('Harrismith',48,941,'2024-02-07 12:53:54','2024-02-07 12:53:54'),('Northcliff',48,942,'2024-02-07 12:53:54','2024-02-07 12:53:54'),('Hermanus',48,943,'2024-02-07 12:53:54','2024-02-07 12:53:54'),('Queenstown',48,944,'2024-02-07 12:53:54','2024-02-07 12:53:54'),('Durbanville',48,945,'2024-02-07 12:53:54','2024-02-07 12:53:54'),('Kroonstad',48,946,'2024-02-07 12:53:54','2024-02-07 12:53:54'),('Kuils River',48,947,'2024-02-07 12:53:54','2024-02-07 12:53:54'),('Springs',48,948,'2024-02-07 12:53:54','2024-02-07 12:53:54'),('Welkom',48,949,'2024-02-07 12:53:54','2024-02-07 12:53:54'),('Alrode',48,950,'2024-02-07 12:53:54','2024-02-07 12:53:54'),('Carolina',48,951,'2024-02-07 12:53:54','2024-02-07 12:53:54'),('Evander',48,952,'2024-02-07 12:53:54','2024-02-07 12:53:54'),('Weltevreedenpark',48,953,'2024-02-07 12:53:54','2024-02-07 12:53:54'),('Maraisburg',48,954,'2024-02-07 12:53:54','2024-02-07 12:53:54'),('Riebeek-Kasteel',48,955,'2024-02-07 12:53:54','2024-02-07 12:53:54'),('Bethal',48,956,'2024-02-07 12:53:54','2024-02-07 12:53:54'),('Milnerton',48,957,'2024-02-07 12:53:54','2024-02-07 12:53:54'),('Oudtshoorn',48,958,'2024-02-07 12:53:54','2024-02-07 12:53:54'),('Gingindlovu',48,959,'2024-02-07 12:53:54','2024-02-07 12:53:54'),('Witbank',48,960,'2024-02-07 12:53:54','2024-02-07 12:53:54'),('Centurion',48,961,'2024-02-07 12:53:54','2024-02-07 12:53:54'),('Tzaneen',48,962,'2024-02-07 12:53:54','2024-02-07 12:53:54'),('Eshowe',48,963,'2024-02-07 12:53:54','2024-02-07 12:53:54'),('Carletonville',48,964,'2024-02-07 12:53:54','2024-02-07 12:53:54'),('Ottosdal',48,965,'2024-02-07 12:53:54','2024-02-07 12:53:54'),('Hartswater',48,966,'2024-02-07 12:53:54','2024-02-07 12:53:54'),('Three Rivers',48,967,'2024-02-07 12:53:54','2024-02-07 12:53:54'),('Brits',48,968,'2024-02-07 12:53:54','2024-02-07 12:53:54'),('Witpoortjie',48,969,'2024-02-07 12:53:54','2024-02-07 12:53:54'),('KwaDukuza',48,970,'2024-02-07 12:53:54','2024-02-07 12:53:54'),('Kimberley',48,971,'2024-02-07 12:53:54','2024-02-07 12:53:54'),('Fort Cox',48,972,'2024-02-07 12:53:54','2024-02-07 12:53:54'),('Machadodorp',48,973,'2024-02-07 12:53:54','2024-02-07 12:53:54'),('Soshanguve',48,974,'2024-02-07 12:53:54','2024-02-07 12:53:54'),('Muizenberg',48,975,'2024-02-07 12:53:54','2024-02-07 12:53:54'),('Buffalo',48,976,'2024-02-07 12:53:54','2024-02-07 12:53:54'),('Plettenberg Bay',48,977,'2024-02-07 12:53:54','2024-02-07 12:53:54'),('Lephalale',48,978,'2024-02-07 12:53:54','2024-02-07 12:53:54'),('Pinetown',48,979,'2024-02-07 12:53:54','2024-02-07 12:53:54'),('Mooi River',48,980,'2024-02-07 12:53:54','2024-02-07 12:53:54'),('Scottburgh',48,981,'2024-02-07 12:53:54','2024-02-07 12:53:54'),('Rosebank',48,982,'2024-02-07 12:53:54','2024-02-07 12:53:54'),('Beaufort West',48,983,'2024-02-07 12:53:54','2024-02-07 12:53:54'),('Senekal',48,984,'2024-02-07 12:53:54','2024-02-07 12:53:54'),('Lombardy East',48,985,'2024-02-07 12:53:54','2024-02-07 12:53:54'),('Hogsback',48,986,'2024-02-07 12:53:54','2024-02-07 12:53:54'),('Olifantsfontein',48,987,'2024-02-07 12:53:54','2024-02-07 12:53:54'),('Newlands',48,988,'2024-02-07 12:53:54','2024-02-07 12:53:54'),('Wilderness',48,989,'2024-02-07 12:53:54','2024-02-07 12:53:54'),('Moorreesburg',48,990,'2024-02-07 12:53:54','2024-02-07 12:53:54'),('Port Shepstone',48,991,'2024-02-07 12:53:54','2024-02-07 12:53:54'),('Middelburg',48,992,'2024-02-07 12:53:54','2024-02-07 12:53:54'),('Monument Park',48,993,'2024-02-07 12:53:54','2024-02-07 12:53:54'),('Humansdorp',48,994,'2024-02-07 12:53:54','2024-02-07 12:53:54'),('Malmesbury',48,995,'2024-02-07 12:53:54','2024-02-07 12:53:54'),('Germiston',48,996,'2024-02-07 12:53:54','2024-02-07 12:53:54'),('Howick',48,997,'2024-02-07 12:53:54','2024-02-07 12:53:54'),('Claremont',48,998,'2024-02-07 12:53:54','2024-02-07 12:53:54'),('Amanzimtoti',48,999,'2024-02-07 12:53:54','2024-02-07 12:53:54'),('Duiwelskloof',48,1000,'2024-02-07 12:53:54','2024-02-07 12:53:54'),('Modderfontein',48,1001,'2024-02-07 12:53:54','2024-02-07 12:53:54'),('Paarl',48,1002,'2024-02-07 12:53:54','2024-02-07 12:53:54'),('Kempton Park',48,1003,'2024-02-07 12:53:54','2024-02-07 12:53:54'),('Rustenburg',48,1004,'2024-02-07 12:53:54','2024-02-07 12:53:54'),('White River',48,1005,'2024-02-07 12:53:54','2024-02-07 12:53:54'),('Kingsborough',48,1006,'2024-02-07 12:53:54','2024-02-07 12:53:54'),('Kinross',48,1007,'2024-02-07 12:53:54','2024-02-07 12:53:54'),('Lydenburg',48,1008,'2024-02-07 12:53:54','2024-02-07 12:53:54'),('Sandown',48,1009,'2024-02-07 12:53:54','2024-02-07 12:53:54'),('Alberton',48,1010,'2024-02-07 12:53:54','2024-02-07 12:53:54'),('Houghton Estate',48,1011,'2024-02-07 12:53:54','2024-02-07 12:53:54'),('Bothasig',48,1012,'2024-02-07 12:53:54','2024-02-07 12:53:54'),('Craighall',48,1013,'2024-02-07 12:53:54','2024-02-07 12:53:54'),('Phalaborwa',48,1014,'2024-02-07 12:53:54','2024-02-07 12:53:54'),('Merrivale',48,1015,'2024-02-07 12:53:54','2024-02-07 12:53:54'),('Eloff',48,1016,'2024-02-07 12:53:54','2024-02-07 12:53:54'),('La Motte',48,1017,'2024-02-07 12:53:54','2024-02-07 12:53:54'),('Parkview',48,1018,'2024-02-07 12:53:54','2024-02-07 12:53:54'),('Montagu',48,1019,'2024-02-07 12:53:54','2024-02-07 12:53:54'),('Roodepoort',48,1020,'2024-02-07 12:53:54','2024-02-07 12:53:54'),('Medunsa',48,1021,'2024-02-07 12:53:54','2024-02-07 12:53:54'),('Majuba',48,1022,'2024-02-07 12:53:54','2024-02-07 12:53:54'),('Parktown',48,1023,'2024-02-07 12:53:54','2024-02-07 12:53:54'),('Queensburgh',48,1024,'2024-02-07 12:53:54','2024-02-07 12:53:54'),('Sebokeng',48,1025,'2024-02-07 12:53:54','2024-02-07 12:53:54'),('Walmer Heights',48,1026,'2024-02-07 12:53:54','2024-02-07 12:53:54'),('Silverton',48,1027,'2024-02-07 12:53:54','2024-02-07 12:53:54'),('Rooihuiskraal',48,1028,'2024-02-07 12:53:54','2024-02-07 12:53:54'),('Melkbosstrand',48,1029,'2024-02-07 12:53:54','2024-02-07 12:53:54'),('Margate',48,1030,'2024-02-07 12:53:54','2024-02-07 12:53:54'),('Welgemoed',48,1031,'2024-02-07 12:53:54','2024-02-07 12:53:54'),('Hekpoort',48,1032,'2024-02-07 12:53:54','2024-02-07 12:53:54'),('Gansbaai',48,1033,'2024-02-07 12:53:54','2024-02-07 12:53:54'),('Coega',48,1034,'2024-02-07 12:53:54','2024-02-07 12:53:54'),('Elandsfontein',48,1035,'2024-02-07 12:53:54','2024-02-07 12:53:54'),('Hoedspruit',48,1036,'2024-02-07 12:53:54','2024-02-07 12:53:54'),('Eersterivier',48,1037,'2024-02-07 12:53:54','2024-02-07 12:53:54'),('London',48,1038,'2024-02-07 12:53:54','2024-02-07 12:53:54'),('Saint James',48,1039,'2024-02-07 12:53:54','2024-02-07 12:53:54'),('Kraaifontein',48,1040,'2024-02-07 12:53:54','2024-02-07 12:53:54'),('Vaalbank',48,1041,'2024-02-07 12:53:54','2024-02-07 12:53:54'),('Kingsmead',48,1042,'2024-02-07 12:53:54','2024-02-07 12:53:54'),('Sinoville',48,1043,'2024-02-07 12:53:54','2024-02-07 12:53:54'),('De Aar',48,1044,'2024-02-07 12:53:54','2024-02-07 12:53:54'),('Kalkbaai',48,1045,'2024-02-07 12:53:54','2024-02-07 12:53:54'),('Kokstad',48,1046,'2024-02-07 12:53:54','2024-02-07 12:53:54'),('Emerald Hill',48,1047,'2024-02-07 12:53:54','2024-02-07 12:53:54'),('Uitenhage',48,1048,'2024-02-07 12:53:54','2024-02-07 12:53:54'),('Vaalpark',48,1049,'2024-02-07 12:53:54','2024-02-07 12:53:54'),('Potchefstroom',48,1050,'2024-02-07 12:53:54','2024-02-07 12:53:54'),('Irene',48,1051,'2024-02-07 12:53:54','2024-02-07 12:53:54'),('Secunda',48,1052,'2024-02-07 12:53:54','2024-02-07 12:53:54'),('Nigel',48,1053,'2024-02-07 12:53:54','2024-02-07 12:53:54'),('Pietermaritzburg',48,1054,'2024-02-07 12:53:54','2024-02-07 12:53:54'),('Tembisa',48,1055,'2024-02-07 12:53:54','2024-02-07 12:53:54'),('Ermelo',48,1056,'2024-02-07 12:53:54','2024-02-07 12:53:54'),('Wellington',48,1057,'2024-02-07 12:53:54','2024-02-07 12:53:54'),('Ganspan',48,1058,'2024-02-07 12:53:54','2024-02-07 12:53:54'),('Sandton',48,1059,'2024-02-07 12:53:54','2024-02-07 12:53:54'),('Brackenfell',48,1060,'2024-02-07 12:53:54','2024-02-07 12:53:54'),('Umdloti',48,1061,'2024-02-07 12:53:54','2024-02-07 12:53:54'),('Lichtenburg',48,1062,'2024-02-07 12:53:54','2024-02-07 12:53:54'),('Hazyview',48,1063,'2024-02-07 12:53:54','2024-02-07 12:53:54'),('Prieska',48,1064,'2024-02-07 12:53:54','2024-02-07 12:53:54'),('Hawston',48,1065,'2024-02-07 12:53:54','2024-02-07 12:53:54'),('Sedgefield',48,1066,'2024-02-07 12:53:54','2024-02-07 12:53:54'),('Hennenman',48,1067,'2024-02-07 12:53:54','2024-02-07 12:53:54'),('Glen Austin',48,1068,'2024-02-07 12:53:54','2024-02-07 12:53:54'),('Mokopane',48,1069,'2024-02-07 12:53:54','2024-02-07 12:53:54'),('Dundee',48,1070,'2024-02-07 12:53:54','2024-02-07 12:53:54'),('Queenswood',48,1071,'2024-02-07 12:53:54','2024-02-07 12:53:54'),('Swartkops',48,1072,'2024-02-07 12:53:54','2024-02-07 12:53:54'),('Stilfontein',48,1073,'2024-02-07 12:53:54','2024-02-07 12:53:54'),('Richards Bay',48,1074,'2024-02-07 12:53:54','2024-02-07 12:53:54'),('Warner Beach',48,1075,'2024-02-07 12:53:54','2024-02-07 12:53:54'),('Kloof',48,1076,'2024-02-07 12:53:54','2024-02-07 12:53:54'),('Groblersdal',48,1077,'2024-02-07 12:53:54','2024-02-07 12:53:54'),('Bredasdorp',48,1078,'2024-02-07 12:53:54','2024-02-07 12:53:54'),('Rhodes',48,1079,'2024-02-07 12:53:54','2024-02-07 12:53:54'),('Schweizer-Reneke',48,1080,'2024-02-07 12:53:54','2024-02-07 12:53:54'),('Port Alfred',48,1081,'2024-02-07 12:53:54','2024-02-07 12:53:54'),('Polokwane',48,1082,'2024-02-07 12:53:54','2024-02-07 12:53:54'),('Lutzville',48,1083,'2024-02-07 12:53:54','2024-02-07 12:53:54'),('Kranskop',48,1084,'2024-02-07 12:53:54','2024-02-07 12:53:54'),('City of Cape Town',48,1085,'2024-02-07 12:53:54','2024-02-07 12:53:54'),('Pongola',48,1086,'2024-02-07 12:53:54','2024-02-07 12:53:54'),('Oranjeville',48,1087,'2024-02-07 12:53:54','2024-02-07 12:53:54'),('Thabazimbi',48,1088,'2024-02-07 12:53:54','2024-02-07 12:53:54'),('Sasolburg',48,1089,'2024-02-07 12:53:54','2024-02-07 12:53:54'),('Saldanha',48,1090,'2024-02-07 12:53:54','2024-02-07 12:53:54'),('Odendaalsrus',48,1091,'2024-02-07 12:53:54','2024-02-07 12:53:54'),('Despatch',48,1092,'2024-02-07 12:53:54','2024-02-07 12:53:54'),('Botshabelo',48,1093,'2024-02-07 12:53:54','2024-02-07 12:53:54'),('Verulam',48,1094,'2024-02-07 12:53:54','2024-02-07 12:53:54'),('Bathurst',48,1095,'2024-02-07 12:53:54','2024-02-07 12:53:54'),('Waverley',48,1096,'2024-02-07 12:53:54','2024-02-07 12:53:54'),('Pinelands',48,1097,'2024-02-07 12:53:54','2024-02-07 12:53:54'),('Vrededorp',48,1098,'2024-02-07 12:53:54','2024-02-07 12:53:54'),('Mossel Bay',48,1099,'2024-02-07 12:53:54','2024-02-07 12:53:54'),('Hyde Park',48,1100,'2024-02-07 12:53:54','2024-02-07 12:53:54'),('Florida Glen',48,1101,'2024-02-07 12:53:54','2024-02-07 12:53:54'),('Clanwilliam',48,1102,'2024-02-07 12:53:54','2024-02-07 12:53:54'),('Johannesburg',48,1103,'2024-02-07 12:53:54','2024-02-07 12:53:54'),('Shelly Beach',48,1104,'2024-02-07 12:53:54','2024-02-07 12:53:54'),('Greytown',48,1105,'2024-02-07 12:53:54','2024-02-07 12:53:54'),('Hluhluwe',48,1106,'2024-02-07 12:53:54','2024-02-07 12:53:54'),('Mthatha',48,1107,'2024-02-07 12:53:54','2024-02-07 12:53:54'),('Randfontein',48,1108,'2024-02-07 12:53:54','2024-02-07 12:53:54'),('Dullstroom',48,1109,'2024-02-07 12:53:54','2024-02-07 12:53:54'),('Boksburg',48,1110,'2024-02-07 12:53:54','2024-02-07 12:53:54'),('Heidelberg',48,1111,'2024-02-07 12:53:54','2024-02-07 12:53:54'),('Umhlanga',48,1112,'2024-02-07 12:53:54','2024-02-07 12:53:54'),('Meyerton',48,1113,'2024-02-07 12:53:54','2024-02-07 12:53:54'),('Upington',48,1114,'2024-02-07 12:53:54','2024-02-07 12:53:54'),('Overport',48,1115,'2024-02-07 12:53:54','2024-02-07 12:53:54'),('Coligny',48,1116,'2024-02-07 12:53:54','2024-02-07 12:53:54'),('Rivonia',48,1117,'2024-02-07 12:53:54','2024-02-07 12:53:54'),('Kingsley',48,1118,'2024-02-07 12:53:54','2024-02-07 12:53:54'),('Weltevreden',48,1119,'2024-02-07 12:53:54','2024-02-07 12:53:54'),('Franschhoek',48,1120,'2024-02-07 12:53:54','2024-02-07 12:53:54'),('The Rest',48,1121,'2024-02-07 12:53:54','2024-02-07 12:53:54'),('Edenburg',48,1122,'2024-02-07 12:53:54','2024-02-07 12:53:54'),('Laudium',48,1123,'2024-02-07 12:53:54','2024-02-07 12:53:54'),('Hout Bay',48,1124,'2024-02-07 12:53:54','2024-02-07 12:53:54'),('East London',48,1125,'2024-02-07 12:53:54','2024-02-07 12:53:54'),('Alice',48,1126,'2024-02-07 12:53:54','2024-02-07 12:53:54'),('Midrand',48,1127,'2024-02-07 12:53:54','2024-02-07 12:53:54'),('Kriel',48,1128,'2024-02-07 12:53:54','2024-02-07 12:53:54'),('Mookgophong',48,1129,'2024-02-07 12:53:54','2024-02-07 12:53:54'),('Vryheid',48,1130,'2024-02-07 12:53:54','2024-02-07 12:53:54'),('Nyala',50,1131,'2024-02-07 12:53:54','2024-02-07 12:53:54'),('Umm Durman',50,1132,'2024-02-07 12:53:54','2024-02-07 12:53:54'),('Kassala',50,1133,'2024-02-07 12:53:54','2024-02-07 12:53:54'),('Khartoum',50,1134,'2024-02-07 12:53:54','2024-02-07 12:53:54'),('Thabit',50,1135,'2024-02-07 12:53:54','2024-02-07 12:53:54'),('Shendi',50,1136,'2024-02-07 12:53:54','2024-02-07 12:53:54'),('Dodoma',52,1137,'2024-02-07 12:53:54','2024-02-07 12:53:54'),('Dar es Salaam',52,1138,'2024-02-07 12:53:54','2024-02-07 12:53:54'),('Bukoba',52,1139,'2024-02-07 12:53:54','2024-02-07 12:53:54'),('Njombe',52,1140,'2024-02-07 12:53:54','2024-02-07 12:53:54'),('Tanga',52,1141,'2024-02-07 12:53:54','2024-02-07 12:53:54'),('Mwanza',52,1142,'2024-02-07 12:53:54','2024-02-07 12:53:54'),('Zanzibar',52,1143,'2024-02-07 12:53:54','2024-02-07 12:53:54'),('Arusha',52,1144,'2024-02-07 12:53:54','2024-02-07 12:53:54'),('Morogoro',52,1145,'2024-02-07 12:53:54','2024-02-07 12:53:54'),('Raha',52,1146,'2024-02-07 12:53:54','2024-02-07 12:53:54'),('Maritime',53,1147,'2024-02-07 12:53:54','2024-02-07 12:53:54'),('Plateaux',53,1148,'2024-02-07 12:53:54','2024-02-07 12:53:54'),('Savanes',53,1149,'2024-02-07 12:53:54','2024-02-07 12:53:54'),('Centrale',53,1150,'2024-02-07 12:53:54','2024-02-07 12:53:54'),('Kara',53,1151,'2024-02-07 12:53:54','2024-02-07 12:53:54'),('Manouba',54,1152,'2024-02-07 12:53:54','2024-02-07 12:53:54'),('Monastir',54,1153,'2024-02-07 12:53:54','2024-02-07 12:53:54'),('Gafsa',54,1154,'2024-02-07 12:53:54','2024-02-07 12:53:54'),('Beja',54,1155,'2024-02-07 12:53:54','2024-02-07 12:53:54'),('Sfax',54,1156,'2024-02-07 12:53:54','2024-02-07 12:53:54'),('Hammamet',54,1157,'2024-02-07 12:53:54','2024-02-07 12:53:54'),('Le Bardo',54,1158,'2024-02-07 12:53:54','2024-02-07 12:53:54'),('Tunis',54,1159,'2024-02-07 12:53:54','2024-02-07 12:53:54'),('Ariana',54,1160,'2024-02-07 12:53:54','2024-02-07 12:53:54'),('Sidi Bouzid',54,1161,'2024-02-07 12:53:54','2024-02-07 12:53:54'),('Sousse',54,1162,'2024-02-07 12:53:54','2024-02-07 12:53:54'),('Rades',54,1163,'2024-02-07 12:53:54','2024-02-07 12:53:54'),('Kamwenge',55,1164,'2024-02-07 12:53:54','2024-02-07 12:53:54'),('Adjumani',55,1165,'2024-02-07 12:53:54','2024-02-07 12:53:54'),('Mukono',55,1166,'2024-02-07 12:53:54','2024-02-07 12:53:54'),('Pallisa',55,1167,'2024-02-07 12:53:54','2024-02-07 12:53:54'),('Hoima',55,1168,'2024-02-07 12:53:54','2024-02-07 12:53:54'),('Gulu',55,1169,'2024-02-07 12:53:54','2024-02-07 12:53:54'),('Katakwi',55,1170,'2024-02-07 12:53:54','2024-02-07 12:53:54'),('Kabarole',55,1171,'2024-02-07 12:53:54','2024-02-07 12:53:54'),('Kapchorwa',55,1172,'2024-02-07 12:53:54','2024-02-07 12:53:54'),('Kasese',55,1173,'2024-02-07 12:53:54','2024-02-07 12:53:54'),('Nakapiripirit',55,1174,'2024-02-07 12:53:54','2024-02-07 12:53:54'),('Sironko',55,1175,'2024-02-07 12:53:54','2024-02-07 12:53:54'),('Pader',55,1176,'2024-02-07 12:53:54','2024-02-07 12:53:54'),('Mbarara',55,1177,'2024-02-07 12:53:54','2024-02-07 12:53:54'),('Kamuli',55,1178,'2024-02-07 12:53:54','2024-02-07 12:53:54'),('Kayunga',55,1179,'2024-02-07 12:53:54','2024-02-07 12:53:54'),('Kumi',55,1180,'2024-02-07 12:53:54','2024-02-07 12:53:54'),('Kyenjojo',55,1181,'2024-02-07 12:53:54','2024-02-07 12:53:54'),('Moroto',55,1182,'2024-02-07 12:53:54','2024-02-07 12:53:54'),('Nebbi',55,1183,'2024-02-07 12:53:54','2024-02-07 12:53:54'),('Iganga',55,1184,'2024-02-07 12:53:54','2024-02-07 12:53:54'),('Kampala',55,1185,'2024-02-07 12:53:54','2024-02-07 12:53:54'),('Mbale',55,1186,'2024-02-07 12:53:54','2024-02-07 12:53:54'),('Tororo',55,1187,'2024-02-07 12:53:54','2024-02-07 12:53:54'),('Bugiri',55,1188,'2024-02-07 12:53:54','2024-02-07 12:53:54'),('Masaka',55,1189,'2024-02-07 12:53:54','2024-02-07 12:53:54'),('Wakiso',55,1190,'2024-02-07 12:53:54','2024-02-07 12:53:54'),('Masindi',55,1191,'2024-02-07 12:53:54','2024-02-07 12:53:54'),('Mubende',55,1192,'2024-02-07 12:53:54','2024-02-07 12:53:54'),('Kanungu',55,1193,'2024-02-07 12:53:54','2024-02-07 12:53:54'),('Sembabule',55,1194,'2024-02-07 12:53:54','2024-02-07 12:53:54'),('Kibale',55,1195,'2024-02-07 12:53:54','2024-02-07 12:53:54'),('Rakai',55,1196,'2024-02-07 12:53:54','2024-02-07 12:53:54'),('Kotido',55,1197,'2024-02-07 12:53:54','2024-02-07 12:53:54'),('Apac',55,1198,'2024-02-07 12:53:54','2024-02-07 12:53:54'),('Kiboga',55,1199,'2024-02-07 12:53:54','2024-02-07 12:53:54'),('Luwero',55,1200,'2024-02-07 12:53:54','2024-02-07 12:53:54'),('Bundibugyo',55,1201,'2024-02-07 12:53:54','2024-02-07 12:53:54'),('Bushenyi',55,1202,'2024-02-07 12:53:54','2024-02-07 12:53:54'),('Mayuge',55,1203,'2024-02-07 12:53:54','2024-02-07 12:53:54'),('Yumbe',55,1204,'2024-02-07 12:53:54','2024-02-07 12:53:54'),('Kisoro',55,1205,'2024-02-07 12:53:54','2024-02-07 12:53:54'),('Jinja',55,1206,'2024-02-07 12:53:54','2024-02-07 12:53:54'),('Kaberamaido',55,1207,'2024-02-07 12:53:54','2024-02-07 12:53:54'),('Nakasongola',55,1208,'2024-02-07 12:53:54','2024-02-07 12:53:54'),('Arua',55,1209,'2024-02-07 12:53:54','2024-02-07 12:53:54'),('Lira',55,1210,'2024-02-07 12:53:54','2024-02-07 12:53:54'),('Kabale',55,1211,'2024-02-07 12:53:54','2024-02-07 12:53:54'),('Kitgum',55,1212,'2024-02-07 12:53:54','2024-02-07 12:53:54'),('Rukungiri',55,1213,'2024-02-07 12:53:54','2024-02-07 12:53:54'),('Kalangala',55,1214,'2024-02-07 12:53:54','2024-02-07 12:53:54'),('Moyo',55,1215,'2024-02-07 12:53:54','2024-02-07 12:53:54'),('Busia',55,1216,'2024-02-07 12:53:54','2024-02-07 12:53:54'),('Soroti',55,1217,'2024-02-07 12:53:54','2024-02-07 12:53:54'),('Mpigi',55,1218,'2024-02-07 12:53:54','2024-02-07 12:53:54'),('Ntungamo',55,1219,'2024-02-07 12:53:54','2024-02-07 12:53:54'),('Mumbwa',56,1220,'2024-02-07 12:53:54','2024-02-07 12:53:54'),('Ndola',56,1221,'2024-02-07 12:53:54','2024-02-07 12:53:54'),('Macha',56,1222,'2024-02-07 12:53:54','2024-02-07 12:53:54'),('Lusaka',56,1223,'2024-02-07 12:53:54','2024-02-07 12:53:54'),('Kitwe',56,1224,'2024-02-07 12:53:54','2024-02-07 12:53:54'),('Siavonga',56,1225,'2024-02-07 12:53:54','2024-02-07 12:53:54'),('Kalomo',56,1226,'2024-02-07 12:53:54','2024-02-07 12:53:54'),('Solwezi',56,1227,'2024-02-07 12:53:54','2024-02-07 12:53:54'),('Livingstone',56,1228,'2024-02-07 12:53:54','2024-02-07 12:53:54'),('Mutare',57,1229,'2024-02-07 12:53:54','2024-02-07 12:53:54'),('Chinhoyi',57,1230,'2024-02-07 12:53:54','2024-02-07 12:53:54'),('Mufakose',57,1231,'2024-02-07 12:53:54','2024-02-07 12:53:54'),('Victoria Falls',57,1232,'2024-02-07 12:53:54','2024-02-07 12:53:54'),('Greendale',57,1233,'2024-02-07 12:53:54','2024-02-07 12:53:54'),('Kwekwe',57,1234,'2024-02-07 12:53:54','2024-02-07 12:53:54'),('Harare',57,1235,'2024-02-07 12:53:54','2024-02-07 12:53:54'),('Gwanda',57,1236,'2024-02-07 12:53:54','2024-02-07 12:53:54'),('Bulawayo',57,1237,'2024-02-07 12:53:54','2024-02-07 12:53:54'),('Errachidia',36,1238,'2024-02-07 12:53:54','2024-02-07 12:53:54');
/*!40000 ALTER TABLE `cities` ENABLE KEYS */;
UNLOCK TABLES;

--
-- Table structure for table `countries`
--

DROP TABLE IF EXISTS `countries`;
/*!40101 SET @saved_cs_client     = @@character_set_client */;
/*!50503 SET character_set_client = utf8mb4 */;
CREATE TABLE `countries` (
  `name` varchar(50) NOT NULL,
  `id` int NOT NULL AUTO_INCREMENT,
  `created_at` datetime DEFAULT NULL,
  `updated_at` datetime DEFAULT NULL,
  PRIMARY KEY (`id`),
  UNIQUE KEY `name` (`name`)
) ENGINE=InnoDB AUTO_INCREMENT=58 DEFAULT CHARSET=utf8mb4 COLLATE=utf8mb4_0900_ai_ci;
/*!40101 SET character_set_client = @saved_cs_client */;

--
-- Dumping data for table `countries`
--

LOCK TABLES `countries` WRITE;
/*!40000 ALTER TABLE `countries` DISABLE KEYS */;
INSERT INTO `countries` VALUES ('Algeria',1,'2024-02-07 12:53:54','2024-02-07 12:53:54'),('Angola',2,'2024-02-07 12:53:54','2024-02-07 12:53:54'),('Benin',3,'2024-02-07 12:53:54','2024-02-07 12:53:54'),('Botswana',4,'2024-02-07 12:53:54','2024-02-07 12:53:54'),('Burkina Faso',5,'2024-02-07 12:53:54','2024-02-07 12:53:54'),('Burundi',6,'2024-02-07 12:53:54','2024-02-07 12:53:54'),('Cabo Verde',7,'2024-02-07 12:53:54','2024-02-07 12:53:54'),('Cameroon',8,'2024-02-07 12:53:54','2024-02-07 12:53:54'),('Central African Republic',9,'2024-02-07 12:53:54','2024-02-07 12:53:54'),('Chad',10,'2024-02-07 12:53:54','2024-02-07 12:53:54'),('Comoros',11,'2024-02-07 12:53:54','2024-02-07 12:53:54'),('Congo Republic',12,'2024-02-07 12:53:54','2024-02-07 12:53:54'),('DR Congo',13,'2024-02-07 12:53:54','2024-02-07 12:53:54'),('Djibouti',14,'2024-02-07 12:53:54','2024-02-07 12:53:54'),('Egypt',15,'2024-02-07 12:53:54','2024-02-07 12:53:54'),('Equatorial Guinea',16,'2024-02-07 12:53:54','2024-02-07 12:53:54'),('Eritrea',17,'2024-02-07 12:53:54','2024-02-07 12:53:54'),('Eswatini',18,'2024-02-07 12:53:54','2024-02-07 12:53:54'),('Ethiopia',19,'2024-02-07 12:53:54','2024-02-07 12:53:54'),('Gabon',20,'2024-02-07 12:53:54','2024-02-07 12:53:54'),('Gambia',21,'2024-02-07 12:53:54','2024-02-07 12:53:54'),('Ghana',22,'2024-02-07 12:53:54','2024-02-07 12:53:54'),('Guinea',23,'2024-02-07 12:53:54','2024-02-07 12:53:54'),('Guinea-Bissau',24,'2024-02-07 12:53:54','2024-02-07 12:53:54'),('Ivory Coast',25,'2024-02-07 12:53:54','2024-02-07 12:53:54'),('Kenya',26,'2024-02-07 12:53:54','2024-02-07 12:53:54'),('Lesotho',27,'2024-02-07 12:53:54','2024-02-07 12:53:54'),('Liberia',28,'2024-02-07 12:53:54','2024-02-07 12:53:54'),('Libya',29,'2024-02-07 12:53:54','2024-02-07 12:53:54'),('Madagascar',30,'2024-02-07 12:53:54','2024-02-07 12:53:54'),('Malawi',31,'2024-02-07 12:53:54','2024-02-07 12:53:54'),('Mali',32,'2024-02-07 12:53:54','2024-02-07 12:53:54'),('Mauritania',33,'2024-02-07 12:53:54','2024-02-07 12:53:54'),('Mauritius',34,'2024-02-07 12:53:54','2024-02-07 12:53:54'),('Mayotte',35,'2024-02-07 12:53:54','2024-02-07 12:53:54'),('Morocco',36,'2024-02-07 12:53:54','2024-02-07 12:53:54'),('Mozambique',37,'2024-02-07 12:53:54','2024-02-07 12:53:54'),('Namibia',38,'2024-02-07 12:53:54','2024-02-07 12:53:54'),('Niger',39,'2024-02-07 12:53:54','2024-02-07 12:53:54'),('Nigeria',40,'2024-02-07 12:53:54','2024-02-07 12:53:54'),('Rwanda',41,'2024-02-07 12:53:54','2024-02-07 12:53:54'),('Réunion',42,'2024-02-07 12:53:54','2024-02-07 12:53:54'),('Saint Helena',43,'2024-02-07 12:53:54','2024-02-07 12:53:54'),('Senegal',44,'2024-02-07 12:53:54','2024-02-07 12:53:54'),('Seychelles',45,'2024-02-07 12:53:54','2024-02-07 12:53:54'),('Sierra Leone',46,'2024-02-07 12:53:54','2024-02-07 12:53:54'),('Somalia',47,'2024-02-07 12:53:54','2024-02-07 12:53:54'),('South Africa',48,'2024-02-07 12:53:54','2024-02-07 12:53:54'),('South Sudan',49,'2024-02-07 12:53:54','2024-02-07 12:53:54'),('Sudan',50,'2024-02-07 12:53:54','2024-02-07 12:53:54'),('São Tomé and Príncipe',51,'2024-02-07 12:53:54','2024-02-07 12:53:54'),('Tanzania',52,'2024-02-07 12:53:54','2024-02-07 12:53:54'),('Togo',53,'2024-02-07 12:53:54','2024-02-07 12:53:54'),('Tunisia',54,'2024-02-07 12:53:54','2024-02-07 12:53:54'),('Uganda',55,'2024-02-07 12:53:54','2024-02-07 12:53:54'),('Zambia',56,'2024-02-07 12:53:54','2024-02-07 12:53:54'),('Zimbabwe',57,'2024-02-07 12:53:54','2024-02-07 12:53:54');
/*!40000 ALTER TABLE `countries` ENABLE KEYS */;
UNLOCK TABLES;

--
-- Table structure for table `donors`
--

DROP TABLE IF EXISTS `donors`;
/*!40101 SET @saved_cs_client     = @@character_set_client */;
/*!50503 SET character_set_client = utf8mb4 */;
CREATE TABLE `donors` (
  `username` varchar(50) NOT NULL,
  `email` varchar(50) NOT NULL,
  `password_hash` varchar(80) NOT NULL,
  `phone_number` varchar(20) DEFAULT NULL,
  `full_name` varchar(50) NOT NULL,
  `age` int NOT NULL,
  `gender` enum('Male','Female') DEFAULT NULL,
  `blood_category` enum('A+','A-','B+','B-','AB+','AB-','O+','O-') DEFAULT NULL,
  `id` int NOT NULL AUTO_INCREMENT,
  `created_at` datetime DEFAULT NULL,
  `updated_at` datetime DEFAULT NULL,
  PRIMARY KEY (`id`),
  UNIQUE KEY `username` (`username`),
  UNIQUE KEY `email` (`email`),
  UNIQUE KEY `phone_number` (`phone_number`)
) ENGINE=InnoDB AUTO_INCREMENT=10 DEFAULT CHARSET=utf8mb4 COLLATE=utf8mb4_0900_ai_ci;
/*!40101 SET character_set_client = @saved_cs_client */;

--
-- Dumping data for table `donors`
--

LOCK TABLES `donors` WRITE;
/*!40000 ALTER TABLE `donors` DISABLE KEYS */;
INSERT INTO `donors` VALUES ('Chareeef','youssef.charif.h@gmail.com','$2b$12$Kv3xjqVsfeatQQeSGsCgf.XbqVAe3jt0wcNAMKuxwHoSX4uWnB8k2','0694634879','Youssef Charif Hamidi',21,'Male',NULL,1,'2024-02-07 23:04:37','2024-02-07 23:04:37'),('Mery','mery@gmail.com','$2b$12$NKqMZF9rPvs8JkZyoJ7kue5vuXM4eP1e/Gmcp0gwKx7pUSz.1Ualm',NULL,'Meryam',21,'Female','AB+',2,'2024-02-07 23:15:29','2024-02-07 23:15:29'),('Ken0code','Ken@ex.com','$2b$12$coTTNYE8WiHoAzRpSTtkqOGaP3CToFxILlJMz0BpTl1051/2/8IDW',NULL,'Ken Meseret',22,'Male',NULL,3,'2024-02-07 23:15:29','2024-02-07 23:15:29'),('blainoctocat','Blain@mail.com','$2b$12$TbYWRTb4bWpiY7V4G/edn.28M2Xg9.FlTcsJN/Nl/0dGa0b9goK5.',NULL,'Blain Muema',26,'Male',NULL,4,'2024-02-07 23:15:29','2024-02-07 23:15:29');
/*!40000 ALTER TABLE `donors` ENABLE KEYS */;
UNLOCK TABLES;

--
-- Table structure for table `donors_centers`
--

DROP TABLE IF EXISTS `donors_centers`;
/*!40101 SET @saved_cs_client     = @@character_set_client */;
/*!50503 SET character_set_client = utf8mb4 */;
CREATE TABLE `donors_centers` (
  `center_id` int DEFAULT NULL,
  `donor_id` int DEFAULT NULL,
  KEY `center_id` (`center_id`),
  KEY `donor_id` (`donor_id`),
  CONSTRAINT `donors_centers_ibfk_1` FOREIGN KEY (`center_id`) REFERENCES `transfusion_centers` (`id`) ON DELETE CASCADE,
  CONSTRAINT `donors_centers_ibfk_2` FOREIGN KEY (`donor_id`) REFERENCES `donors` (`id`) ON DELETE CASCADE
) ENGINE=InnoDB DEFAULT CHARSET=utf8mb4 COLLATE=utf8mb4_0900_ai_ci;
/*!40101 SET character_set_client = @saved_cs_client */;

--
-- Dumping data for table `donors_centers`
--

LOCK TABLES `donors_centers` WRITE;
/*!40000 ALTER TABLE `donors_centers` DISABLE KEYS */;
/*!40000 ALTER TABLE `donors_centers` ENABLE KEYS */;
UNLOCK TABLES;

--
-- Table structure for table `transfusion_centers`
--

DROP TABLE IF EXISTS `transfusion_centers`;
/*!40101 SET @saved_cs_client     = @@character_set_client */;
/*!50503 SET character_set_client = utf8mb4 */;
CREATE TABLE `transfusion_centers` (
  `name` varchar(50) NOT NULL,
  `email` varchar(50) NOT NULL,
  `password_hash` varchar(80) NOT NULL,
  `phone_number` varchar(20) DEFAULT NULL,
  `map_coordinates` varchar(80) DEFAULT NULL,
  `city_id` int NOT NULL,
  `id` int NOT NULL AUTO_INCREMENT,
  `created_at` datetime DEFAULT NULL,
  `updated_at` datetime DEFAULT NULL,
  PRIMARY KEY (`id`),
  UNIQUE KEY `email` (`email`),
  UNIQUE KEY `phone_number` (`phone_number`),
  KEY `city_id` (`city_id`),
  CONSTRAINT `transfusion_centers_ibfk_1` FOREIGN KEY (`city_id`) REFERENCES `cities` (`id`)
) ENGINE=InnoDB AUTO_INCREMENT=7 DEFAULT CHARSET=utf8mb4 COLLATE=utf8mb4_0900_ai_ci;
/*!40101 SET character_set_client = @saved_cs_client */;

--
-- Dumping data for table `transfusion_centers`
--

LOCK TABLES `transfusion_centers` WRITE;
/*!40000 ALTER TABLE `transfusion_centers` DISABLE KEYS */;
INSERT INTO `transfusion_centers` VALUES ('Annaba  TC','annabatc@ex.com','$2b$12$qE0UBWQeeICNXkf5kQjxBeBRMX419VRYOTMHA987U5e2zDjCtEuNe',NULL,NULL,24,1,'2024-02-08 01:20:11','2024-02-08 01:20:11'),('Gitega TC','gitega@ex.com','$2b$12$oS5em9pQi3j36bhAzOsbYuUacH1QQB7vNbyPo./ZzWJFEf.bggTv2',NULL,NULL,120,2,'2024-02-08 01:20:11','2024-02-08 01:20:11'),('Errachidia TC','err-tc@gmail.com','$2b$12$eQywYE2RBmZx7Tm6nZZAV.lqvr.Iminu6q92QOXAAWneKiRkTn5nm',NULL,NULL,1238,3,'2024-02-08 01:20:11','2024-02-08 01:20:11');
/*!40000 ALTER TABLE `transfusion_centers` ENABLE KEYS */;
UNLOCK TABLES;
/*!40103 SET TIME_ZONE=@OLD_TIME_ZONE */;

/*!40101 SET SQL_MODE=@OLD_SQL_MODE */;
/*!40014 SET FOREIGN_KEY_CHECKS=@OLD_FOREIGN_KEY_CHECKS */;
/*!40014 SET UNIQUE_CHECKS=@OLD_UNIQUE_CHECKS */;
/*!40101 SET CHARACTER_SET_CLIENT=@OLD_CHARACTER_SET_CLIENT */;
/*!40101 SET CHARACTER_SET_RESULTS=@OLD_CHARACTER_SET_RESULTS */;
/*!40101 SET COLLATION_CONNECTION=@OLD_COLLATION_CONNECTION */;
/*!40111 SET SQL_NOTES=@OLD_SQL_NOTES */;

-- Dump completed on 2024-02-08  1:41:29
