-- MySQL dump 10.13  Distrib 8.0.36, for Linux (x86_64)
--
-- Host: localhost    Database: hayat_dev_db
-- ------------------------------------------------------
-- Server version	8.0.36-0ubuntu0.20.04.1

/*!40101 SET @OLD_CHARACTER_SET_CLIENT=@@CHARACTER_SET_CLIENT */;
/*!40101 SET @OLD_CHARACTER_SET_RESULTS=@@CHARACTER_SET_RESULTS */;
/*!40101 SET @OLD_COLLATION_CONNECTION=@@COLLATION_CONNECTION */;
/*!50503 SET NAMES utf8mb4 */;
/*!40103 SET @OLD_TIME_ZONE=@@TIME_ZONE */;
/*!40103 SET TIME_ZONE='+00:00' */;
/*!40014 SET @OLD_UNIQUE_CHECKS=@@UNIQUE_CHECKS, UNIQUE_CHECKS=0 */;
/*!40014 SET @OLD_FOREIGN_KEY_CHECKS=@@FOREIGN_KEY_CHECKS, FOREIGN_KEY_CHECKS=0 */;
/*!40101 SET @OLD_SQL_MODE=@@SQL_MODE, SQL_MODE='NO_AUTO_VALUE_ON_ZERO' */;
/*!40111 SET @OLD_SQL_NOTES=@@SQL_NOTES, SQL_NOTES=0 */;

--
-- Table structure for table `blood_bags`
--

DROP TABLE IF EXISTS `blood_bags`;
/*!40101 SET @saved_cs_client     = @@character_set_client */;
/*!50503 SET character_set_client = utf8mb4 */;
CREATE TABLE `blood_bags` (
  `blood_category` enum('A+','A-','B+','B-','AB+','AB-','O+','O-') NOT NULL,
  `quantity` int NOT NULL,
  `situation` enum('Stable','Soon Shortage','Critic') NOT NULL,
  `center_id` varchar(50) NOT NULL,
  `id` int NOT NULL AUTO_INCREMENT,
  `created_at` datetime DEFAULT NULL,
  `updated_at` datetime DEFAULT NULL,
  PRIMARY KEY (`id`),
  KEY `center_id` (`center_id`),
  CONSTRAINT `blood_bags_ibfk_1` FOREIGN KEY (`center_id`) REFERENCES `transfusion_centers` (`id`)
) ENGINE=InnoDB AUTO_INCREMENT=25 DEFAULT CHARSET=utf8mb4 COLLATE=utf8mb4_0900_ai_ci;
/*!40101 SET character_set_client = @saved_cs_client */;

--
-- Dumping data for table `blood_bags`
--

LOCK TABLES `blood_bags` WRITE;
/*!40000 ALTER TABLE `blood_bags` DISABLE KEYS */;
INSERT INTO `blood_bags` VALUES ('A+',30,'Stable','3Fu5HaWknvzHxgHqgwxFmL',1,'2024-02-10 22:55:41','2024-02-10 22:55:41'),('A-',30,'Stable','3Fu5HaWknvzHxgHqgwxFmL',2,'2024-02-10 22:55:41','2024-02-10 22:55:41'),('B+',30,'Stable','3Fu5HaWknvzHxgHqgwxFmL',3,'2024-02-10 22:55:41','2024-02-10 22:55:41'),('B-',30,'Stable','3Fu5HaWknvzHxgHqgwxFmL',4,'2024-02-10 22:55:41','2024-02-10 22:55:41'),('AB+',30,'Stable','3Fu5HaWknvzHxgHqgwxFmL',5,'2024-02-10 22:55:41','2024-02-10 22:55:41'),('AB-',30,'Stable','3Fu5HaWknvzHxgHqgwxFmL',6,'2024-02-10 22:55:41','2024-02-10 22:55:41'),('O+',30,'Stable','3Fu5HaWknvzHxgHqgwxFmL',7,'2024-02-10 22:55:41','2024-02-10 22:55:41'),('O-',30,'Stable','3Fu5HaWknvzHxgHqgwxFmL',8,'2024-02-10 22:55:41','2024-02-10 22:55:41'),('A+',53,'Stable','WbFLwTCaNYWygWShXbdXDW',9,'2024-02-11 01:45:08','2024-02-12 10:29:09'),('A-',30,'Stable','WbFLwTCaNYWygWShXbdXDW',10,'2024-02-11 01:45:08','2024-02-12 00:29:28'),('B+',30,'Stable','WbFLwTCaNYWygWShXbdXDW',11,'2024-02-11 01:45:08','2024-02-11 01:45:08'),('B-',17,'Soon Shortage','WbFLwTCaNYWygWShXbdXDW',12,'2024-02-11 01:45:08','2024-02-11 23:58:41'),('AB+',30,'Stable','WbFLwTCaNYWygWShXbdXDW',13,'2024-02-11 01:45:08','2024-02-11 01:45:08'),('AB-',30,'Stable','WbFLwTCaNYWygWShXbdXDW',14,'2024-02-11 01:45:08','2024-02-11 01:45:08'),('O+',30,'Stable','WbFLwTCaNYWygWShXbdXDW',15,'2024-02-11 01:45:08','2024-02-11 01:45:08'),('O-',30,'Stable','WbFLwTCaNYWygWShXbdXDW',16,'2024-02-11 01:45:08','2024-02-11 01:45:08'),('A+',30,'Stable','akgQxfJFmx79gTnjWNTApL',17,'2024-02-17 23:13:49','2024-02-17 23:13:49'),('A-',30,'Stable','akgQxfJFmx79gTnjWNTApL',18,'2024-02-17 23:13:49','2024-02-17 23:13:49'),('B+',30,'Stable','akgQxfJFmx79gTnjWNTApL',19,'2024-02-17 23:13:49','2024-02-17 23:13:49'),('B-',30,'Stable','akgQxfJFmx79gTnjWNTApL',20,'2024-02-17 23:13:49','2024-02-17 23:13:49'),('AB+',30,'Stable','akgQxfJFmx79gTnjWNTApL',21,'2024-02-17 23:13:49','2024-02-17 23:13:49'),('AB-',30,'Stable','akgQxfJFmx79gTnjWNTApL',22,'2024-02-17 23:13:49','2024-02-17 23:13:49'),('O+',30,'Stable','akgQxfJFmx79gTnjWNTApL',23,'2024-02-17 23:13:49','2024-02-17 23:13:49'),('O-',30,'Stable','akgQxfJFmx79gTnjWNTApL',24,'2024-02-17 23:13:49','2024-02-17 23:13:49');
/*!40000 ALTER TABLE `blood_bags` ENABLE KEYS */;
UNLOCK TABLES;

--
-- Table structure for table `cities`
--

DROP TABLE IF EXISTS `cities`;
/*!40101 SET @saved_cs_client     = @@character_set_client */;
/*!50503 SET character_set_client = utf8mb4 */;
CREATE TABLE `cities` (
  `name` varchar(50) NOT NULL,
  `country_id` int NOT NULL,
  `id` int NOT NULL AUTO_INCREMENT,
  `created_at` datetime DEFAULT NULL,
  `updated_at` datetime DEFAULT NULL,
  PRIMARY KEY (`id`),
  KEY `country_id` (`country_id`),
  CONSTRAINT `cities_ibfk_1` FOREIGN KEY (`country_id`) REFERENCES `countries` (`id`)
) ENGINE=InnoDB AUTO_INCREMENT=1239 DEFAULT CHARSET=utf8mb4 COLLATE=utf8mb4_0900_ai_ci;
/*!40101 SET character_set_client = @saved_cs_client */;

--
-- Dumping data for table `cities`
--

LOCK TABLES `cities` WRITE;
/*!40000 ALTER TABLE `cities` DISABLE KEYS */;
INSERT INTO `cities` VALUES ('El Tarf',1,1,'2024-02-10 21:14:30','2024-02-10 21:14:30'),('Bougara',1,2,'2024-02-10 21:14:30','2024-02-10 21:14:30'),('Cheraga',1,3,'2024-02-10 21:14:30','2024-02-10 21:14:30'),('Batna City',1,4,'2024-02-10 21:14:30','2024-02-10 21:14:30'),('Chlef',1,5,'2024-02-10 21:14:30','2024-02-10 21:14:30'),('Azazga',1,6,'2024-02-10 21:14:30','2024-02-10 21:14:30'),('Laghouat',1,7,'2024-02-10 21:14:30','2024-02-10 21:14:30'),('Tizi',1,8,'2024-02-10 21:14:30','2024-02-10 21:14:30'),('Constantine',1,9,'2024-02-10 21:14:30','2024-02-10 21:14:30'),('Annaba',1,10,'2024-02-10 21:14:30','2024-02-10 21:14:30'),('Bordj Bou Arreridj',1,11,'2024-02-10 21:14:30','2024-02-10 21:14:30'),('Oued Smar',1,12,'2024-02-10 21:14:30','2024-02-10 21:14:30'),('Illizi',1,13,'2024-02-10 21:14:30','2024-02-10 21:14:30'),('Souk Ahras',1,14,'2024-02-10 21:14:30','2024-02-10 21:14:30'),('Tissemsilt',1,15,'2024-02-10 21:14:30','2024-02-10 21:14:30'),('Tiaret',1,16,'2024-02-10 21:14:30','2024-02-10 21:14:30'),('Bordj',1,17,'2024-02-10 21:14:30','2024-02-10 21:14:30'),('Jijel',1,18,'2024-02-10 21:14:30','2024-02-10 21:14:30'),('Saida',1,19,'2024-02-10 21:14:30','2024-02-10 21:14:30'),('Algiers',1,20,'2024-02-10 21:14:30','2024-02-10 21:14:30'),('Rouiba',1,21,'2024-02-10 21:14:30','2024-02-10 21:14:30'),('Tamanghasset',1,22,'2024-02-10 21:14:30','2024-02-10 21:14:30'),('Tlemcen',1,23,'2024-02-10 21:14:30','2024-02-10 21:14:30'),('Draria',1,24,'2024-02-10 21:14:30','2024-02-10 21:14:30'),('Djelfa',1,25,'2024-02-10 21:14:31','2024-02-10 21:14:31'),('Hussein Dey',1,26,'2024-02-10 21:14:31','2024-02-10 21:14:31'),('Oran',1,27,'2024-02-10 21:14:31','2024-02-10 21:14:31'),('Tizi Ouzou',1,28,'2024-02-10 21:14:31','2024-02-10 21:14:31'),('Blida',1,29,'2024-02-10 21:14:31','2024-02-10 21:14:31'),('Ouargla',1,30,'2024-02-10 21:14:31','2024-02-10 21:14:31'),('Kouba',1,31,'2024-02-10 21:14:31','2024-02-10 21:14:31'),('Relizane',1,32,'2024-02-10 21:14:31','2024-02-10 21:14:31'),('Muxaluando',2,33,'2024-02-10 21:14:31','2024-02-10 21:14:31'),('Cazeta',2,34,'2024-02-10 21:14:31','2024-02-10 21:14:31'),('Huambo',2,35,'2024-02-10 21:14:31','2024-02-10 21:14:31'),('Kuito',2,36,'2024-02-10 21:14:31','2024-02-10 21:14:31'),('Ambriz',2,37,'2024-02-10 21:14:31','2024-02-10 21:14:31'),('Lucapa',2,38,'2024-02-10 21:14:31','2024-02-10 21:14:31'),('Camabatela',2,39,'2024-02-10 21:14:31','2024-02-10 21:14:31'),('Namibe',2,40,'2024-02-10 21:14:31','2024-02-10 21:14:31'),('Piri',2,41,'2024-02-10 21:14:31','2024-02-10 21:14:31'),('Lobito',2,42,'2024-02-10 21:14:31','2024-02-10 21:14:31'),('Talatona',2,43,'2024-02-10 21:14:31','2024-02-10 21:14:31'),('Saurimo',2,44,'2024-02-10 21:14:31','2024-02-10 21:14:31'),('Malanje',2,45,'2024-02-10 21:14:31','2024-02-10 21:14:31'),('Menongue',2,46,'2024-02-10 21:14:31','2024-02-10 21:14:31'),('Lubango',2,47,'2024-02-10 21:14:31','2024-02-10 21:14:31'),('Benguela',2,48,'2024-02-10 21:14:31','2024-02-10 21:14:31'),('Cacole',2,49,'2024-02-10 21:14:31','2024-02-10 21:14:31'),('Lumeje',2,50,'2024-02-10 21:14:31','2024-02-10 21:14:31'),('Cabinda',2,51,'2024-02-10 21:14:31','2024-02-10 21:14:31'),('Ondjiva',2,52,'2024-02-10 21:14:31','2024-02-10 21:14:31'),('Luanda',2,53,'2024-02-10 21:14:31','2024-02-10 21:14:31'),('Atakora',3,54,'2024-02-10 21:14:31','2024-02-10 21:14:31'),('Plateau',3,55,'2024-02-10 21:14:31','2024-02-10 21:14:31'),('Zou',3,56,'2024-02-10 21:14:31','2024-02-10 21:14:31'),('Atlantique',3,57,'2024-02-10 21:14:31','2024-02-10 21:14:31'),('Alibori',3,58,'2024-02-10 21:14:31','2024-02-10 21:14:31'),('Kouffo',3,59,'2024-02-10 21:14:31','2024-02-10 21:14:31'),('Donga',3,60,'2024-02-10 21:14:31','2024-02-10 21:14:31'),('Oueme',3,61,'2024-02-10 21:14:31','2024-02-10 21:14:31'),('Borgou',3,62,'2024-02-10 21:14:31','2024-02-10 21:14:31'),('Collines',3,63,'2024-02-10 21:14:31','2024-02-10 21:14:31'),('Littoral',3,64,'2024-02-10 21:14:31','2024-02-10 21:14:31'),('Mono',3,65,'2024-02-10 21:14:31','2024-02-10 21:14:31'),('Serowe',4,66,'2024-02-10 21:14:31','2024-02-10 21:14:31'),('Village',4,67,'2024-02-10 21:14:31','2024-02-10 21:14:31'),('Gaborone',4,68,'2024-02-10 21:14:31','2024-02-10 21:14:31'),('Francistown',4,69,'2024-02-10 21:14:31','2024-02-10 21:14:31'),('Orapa',4,70,'2024-02-10 21:14:31','2024-02-10 21:14:31'),('Boulgou',5,71,'2024-02-10 21:14:31','2024-02-10 21:14:31'),('Noumbiel',5,72,'2024-02-10 21:14:31','2024-02-10 21:14:31'),('Sissili',5,73,'2024-02-10 21:14:31','2024-02-10 21:14:31'),('Oubritenga',5,74,'2024-02-10 21:14:31','2024-02-10 21:14:31'),('Boulkiemde',5,75,'2024-02-10 21:14:31','2024-02-10 21:14:31'),('Bale',5,76,'2024-02-10 21:14:31','2024-02-10 21:14:31'),('Nahouri',5,77,'2024-02-10 21:14:31','2024-02-10 21:14:31'),('Kenedougou',5,78,'2024-02-10 21:14:31','2024-02-10 21:14:31'),('Sanguie',5,79,'2024-02-10 21:14:31','2024-02-10 21:14:31'),('Zondoma',5,80,'2024-02-10 21:14:31','2024-02-10 21:14:31'),('Oudalan',5,81,'2024-02-10 21:14:31','2024-02-10 21:14:31'),('Tuy',5,82,'2024-02-10 21:14:31','2024-02-10 21:14:31'),('Bazega',5,83,'2024-02-10 21:14:31','2024-02-10 21:14:31'),('Kadiogo',5,84,'2024-02-10 21:14:31','2024-02-10 21:14:31'),('Yatenga',5,85,'2024-02-10 21:14:31','2024-02-10 21:14:31'),('Bougouriba',5,86,'2024-02-10 21:14:31','2024-02-10 21:14:31'),('Soum',5,87,'2024-02-10 21:14:31','2024-02-10 21:14:31'),('Koulpelogo',5,88,'2024-02-10 21:14:31','2024-02-10 21:14:31'),('Comoe',5,89,'2024-02-10 21:14:31','2024-02-10 21:14:31'),('Kompienga',5,90,'2024-02-10 21:14:31','2024-02-10 21:14:31'),('Tapoa',5,91,'2024-02-10 21:14:31','2024-02-10 21:14:31'),('Kourweogo',5,92,'2024-02-10 21:14:31','2024-02-10 21:14:31'),('Mouhoun',5,93,'2024-02-10 21:14:31','2024-02-10 21:14:31'),('Poni',5,94,'2024-02-10 21:14:31','2024-02-10 21:14:31'),('Sanmatenga',5,95,'2024-02-10 21:14:31','2024-02-10 21:14:31'),('Kouritenga',5,96,'2024-02-10 21:14:31','2024-02-10 21:14:31'),('Passore',5,97,'2024-02-10 21:14:31','2024-02-10 21:14:31'),('Gourma',5,98,'2024-02-10 21:14:31','2024-02-10 21:14:31'),('Nayala',5,99,'2024-02-10 21:14:31','2024-02-10 21:14:31'),('Bam',5,100,'2024-02-10 21:14:31','2024-02-10 21:14:31'),('Komondjari',5,101,'2024-02-10 21:14:31','2024-02-10 21:14:31'),('Loroum',5,102,'2024-02-10 21:14:31','2024-02-10 21:14:31'),('Sourou',5,103,'2024-02-10 21:14:31','2024-02-10 21:14:31'),('Yagha',5,104,'2024-02-10 21:14:31','2024-02-10 21:14:31'),('Banwa',5,105,'2024-02-10 21:14:31','2024-02-10 21:14:31'),('Ziro',5,106,'2024-02-10 21:14:31','2024-02-10 21:14:31'),('Namentenga',5,107,'2024-02-10 21:14:31','2024-02-10 21:14:31'),('Ioba',5,108,'2024-02-10 21:14:31','2024-02-10 21:14:31'),('Ganzourgou',5,109,'2024-02-10 21:14:31','2024-02-10 21:14:31'),('Seno',5,110,'2024-02-10 21:14:31','2024-02-10 21:14:31'),('Zoundweogo',5,111,'2024-02-10 21:14:31','2024-02-10 21:14:31'),('Gnagna',5,112,'2024-02-10 21:14:31','2024-02-10 21:14:31'),('Kossi',5,113,'2024-02-10 21:14:31','2024-02-10 21:14:31'),('Leraba',5,114,'2024-02-10 21:14:31','2024-02-10 21:14:31'),('Houet',5,115,'2024-02-10 21:14:31','2024-02-10 21:14:31'),('Bururi',6,116,'2024-02-10 21:14:31','2024-02-10 21:14:31'),('Kayanza',6,117,'2024-02-10 21:14:31','2024-02-10 21:14:31'),('Karuzi',6,118,'2024-02-10 21:14:31','2024-02-10 21:14:31'),('Ngozi',6,119,'2024-02-10 21:14:31','2024-02-10 21:14:31'),('Ruyigi',6,120,'2024-02-10 21:14:31','2024-02-10 21:14:31'),('Cankuzo',6,121,'2024-02-10 21:14:31','2024-02-10 21:14:31'),('Mwaro',6,122,'2024-02-10 21:14:31','2024-02-10 21:14:31'),('Gitega',6,123,'2024-02-10 21:14:31','2024-02-10 21:14:31'),('Makamba',6,124,'2024-02-10 21:14:31','2024-02-10 21:14:31'),('Muramvya',6,125,'2024-02-10 21:14:31','2024-02-10 21:14:31'),('Muyinga',6,126,'2024-02-10 21:14:31','2024-02-10 21:14:31'),('Bubanza',6,127,'2024-02-10 21:14:31','2024-02-10 21:14:31'),('Cibitoke',6,128,'2024-02-10 21:14:31','2024-02-10 21:14:31'),('Rutana',6,129,'2024-02-10 21:14:31','2024-02-10 21:14:31'),('Bujumbura Rural',6,130,'2024-02-10 21:14:31','2024-02-10 21:14:31'),('Kirundo',6,131,'2024-02-10 21:14:31','2024-02-10 21:14:31'),('Bujumbura Mairie',6,132,'2024-02-10 21:14:31','2024-02-10 21:14:31'),('Ringo',7,133,'2024-02-10 21:14:31','2024-02-10 21:14:31'),('Bafoussam',7,134,'2024-02-10 21:14:31','2024-02-10 21:14:31'),('Kribi',7,135,'2024-02-10 21:14:31','2024-02-10 21:14:31'),('Kumba',7,136,'2024-02-10 21:14:31','2024-02-10 21:14:31'),('Buea',7,137,'2024-02-10 21:14:31','2024-02-10 21:14:31'),('Douala',7,138,'2024-02-10 21:14:31','2024-02-10 21:14:31'),('Bafia',7,139,'2024-02-10 21:14:31','2024-02-10 21:14:31'),('Bamenda',7,140,'2024-02-10 21:14:31','2024-02-10 21:14:31'),('Tibati',7,141,'2024-02-10 21:14:31','2024-02-10 21:14:31'),('Haut-Mbomou',8,142,'2024-02-10 21:14:31','2024-02-10 21:14:31'),('Kemo',8,143,'2024-02-10 21:14:31','2024-02-10 21:14:31'),('Lobaye',8,144,'2024-02-10 21:14:31','2024-02-10 21:14:31'),('Mbomou',8,145,'2024-02-10 21:14:31','2024-02-10 21:14:31'),('Mambere-Kadei',8,146,'2024-02-10 21:14:31','2024-02-10 21:14:31'),('Sangha-Mbaere',8,147,'2024-02-10 21:14:31','2024-02-10 21:14:31'),('Ombella-Mpoko',8,148,'2024-02-10 21:14:31','2024-02-10 21:14:31'),('Bamingui-Bangoran',8,149,'2024-02-10 21:14:31','2024-02-10 21:14:31'),('Ouaka',8,150,'2024-02-10 21:14:31','2024-02-10 21:14:31'),('Basse-Kotto',8,151,'2024-02-10 21:14:31','2024-02-10 21:14:31'),('Vakaga',8,152,'2024-02-10 21:14:31','2024-02-10 21:14:31'),('Nana-Mambere',8,153,'2024-02-10 21:14:31','2024-02-10 21:14:31'),('Haute-Kotto',8,154,'2024-02-10 21:14:31','2024-02-10 21:14:31'),('Ouham-Pende',8,155,'2024-02-10 21:14:31','2024-02-10 21:14:31'),('Ouham',8,156,'2024-02-10 21:14:31','2024-02-10 21:14:31'),('Nana-Grebizi',8,157,'2024-02-10 21:14:31','2024-02-10 21:14:31'),('Bangui',8,158,'2024-02-10 21:14:31','2024-02-10 21:14:31'),('Salamat',9,159,'2024-02-10 21:14:31','2024-02-10 21:14:31'),('Guéra',9,160,'2024-02-10 21:14:31','2024-02-10 21:14:31'),('Kanem',9,161,'2024-02-10 21:14:31','2024-02-10 21:14:31'),('Chari-Baguirmi',9,162,'2024-02-10 21:14:31','2024-02-10 21:14:31'),('Mayo-Kebbi',9,163,'2024-02-10 21:14:31','2024-02-10 21:14:31'),('Borkou-Ennedi-Tibesti',9,164,'2024-02-10 21:14:31','2024-02-10 21:14:31'),('Biltine',9,165,'2024-02-10 21:14:31','2024-02-10 21:14:31'),('Tandjile',9,166,'2024-02-10 21:14:31','2024-02-10 21:14:31'),('Ouaddaï',9,167,'2024-02-10 21:14:31','2024-02-10 21:14:31'),('Moyen-Chari',9,168,'2024-02-10 21:14:31','2024-02-10 21:14:31'),('Logone Oriental',9,169,'2024-02-10 21:14:31','2024-02-10 21:14:31'),('Logone Occidental',9,170,'2024-02-10 21:14:31','2024-02-10 21:14:31'),('Lac',9,171,'2024-02-10 21:14:31','2024-02-10 21:14:31'),('Batha',9,172,'2024-02-10 21:14:31','2024-02-10 21:14:31'),('Anjouan (Nzwani)',10,173,'2024-02-10 21:14:31','2024-02-10 21:14:31'),('Moheli (Mwali)',10,174,'2024-02-10 21:14:31','2024-02-10 21:14:31'),('Grande Comore (Njazidja)',10,175,'2024-02-10 21:14:31','2024-02-10 21:14:31'),('Tadjoura',11,176,'2024-02-10 21:14:31','2024-02-10 21:14:31'),('Obock',11,177,'2024-02-10 21:14:31','2024-02-10 21:14:31'),('Ali Sabih',11,178,'2024-02-10 21:14:31','2024-02-10 21:14:31'),('Dikhil',11,179,'2024-02-10 21:14:31','2024-02-10 21:14:31'),('Djibouti',11,180,'2024-02-10 21:14:31','2024-02-10 21:14:31'),('Rafah',12,181,'2024-02-10 21:14:31','2024-02-10 21:14:31'),('Bani Suwayf',12,182,'2024-02-10 21:14:31','2024-02-10 21:14:31'),('Tanta',12,183,'2024-02-10 21:14:31','2024-02-10 21:14:31'),('Abu Hammad',12,184,'2024-02-10 21:14:32','2024-02-10 21:14:32'),('Alexandria',12,185,'2024-02-10 21:14:32','2024-02-10 21:14:32'),('Faraskur',12,186,'2024-02-10 21:14:32','2024-02-10 21:14:32'),('Assiut',12,187,'2024-02-10 21:14:32','2024-02-10 21:14:32'),('Helwan',12,188,'2024-02-10 21:14:32','2024-02-10 21:14:32'),('Ramsis',12,189,'2024-02-10 21:14:32','2024-02-10 21:14:32'),('Al Mahallah al Kubra',12,190,'2024-02-10 21:14:32','2024-02-10 21:14:32'),('Almazah',12,191,'2024-02-10 21:14:32','2024-02-10 21:14:32'),('Kafr ash Shaykh',12,192,'2024-02-10 21:14:32','2024-02-10 21:14:32'),('New Cairo',12,193,'2024-02-10 21:14:32','2024-02-10 21:14:32'),('Hurghada',12,194,'2024-02-10 21:14:32','2024-02-10 21:14:32'),('Giza',12,195,'2024-02-10 21:14:32','2024-02-10 21:14:32'),('Flaminj',12,196,'2024-02-10 21:14:32','2024-02-10 21:14:32'),('Toukh',12,197,'2024-02-10 21:14:32','2024-02-10 21:14:32'),('Ismailia',12,198,'2024-02-10 21:14:32','2024-02-10 21:14:32'),('Az Zamalik',12,199,'2024-02-10 21:14:32','2024-02-10 21:14:32'),('Damietta',12,200,'2024-02-10 21:14:32','2024-02-10 21:14:32'),('Heliopolis',12,201,'2024-02-10 21:14:32','2024-02-10 21:14:32'),('Cairo',12,202,'2024-02-10 21:14:32','2024-02-10 21:14:32'),('Sadat',12,203,'2024-02-10 21:14:32','2024-02-10 21:14:32'),('Al Mansurah',12,204,'2024-02-10 21:14:32','2024-02-10 21:14:32'),('Nasr',12,205,'2024-02-10 21:14:32','2024-02-10 21:14:32'),('Suez',12,206,'2024-02-10 21:14:32','2024-02-10 21:14:32'),('Sohag',12,207,'2024-02-10 21:14:32','2024-02-10 21:14:32'),('Minya',12,208,'2024-02-10 21:14:32','2024-02-10 21:14:32'),('Shubra',12,209,'2024-02-10 21:14:32','2024-02-10 21:14:32'),('Badr',12,210,'2024-02-10 21:14:32','2024-02-10 21:14:32'),('Madinat an Nasr',12,211,'2024-02-10 21:14:32','2024-02-10 21:14:32'),('Shirbin',12,212,'2024-02-10 21:14:32','2024-02-10 21:14:32'),('Port Said',12,213,'2024-02-10 21:14:32','2024-02-10 21:14:32'),('Ar Rawdah',12,214,'2024-02-10 21:14:32','2024-02-10 21:14:32'),('Zagazig',12,215,'2024-02-10 21:14:32','2024-02-10 21:14:32'),('Al Marj',12,216,'2024-02-10 21:14:32','2024-02-10 21:14:32'),('Luxor',12,217,'2024-02-10 21:14:32','2024-02-10 21:14:32'),('Madinat as Sadis min Uktubar',12,218,'2024-02-10 21:14:32','2024-02-10 21:14:32'),('Banha',12,219,'2024-02-10 21:14:32','2024-02-10 21:14:32'),('Bioko Norte',13,220,'2024-02-10 21:14:32','2024-02-10 21:14:32'),('Annobon',13,221,'2024-02-10 21:14:32','2024-02-10 21:14:32'),('Centro Sur',13,222,'2024-02-10 21:14:32','2024-02-10 21:14:32'),('Wele-Nzas',13,223,'2024-02-10 21:14:32','2024-02-10 21:14:32'),('Kie-Ntem',13,224,'2024-02-10 21:14:32','2024-02-10 21:14:32'),('Litoral',13,225,'2024-02-10 21:14:32','2024-02-10 21:14:32'),('Bioko Sur',13,226,'2024-02-10 21:14:32','2024-02-10 21:14:32'),('Anseba',14,227,'2024-02-10 21:14:32','2024-02-10 21:14:32'),('Ma\'akel',14,228,'2024-02-10 21:14:32','2024-02-10 21:14:32'),('Debubawi K\'eyih Bahri',14,229,'2024-02-10 21:14:32','2024-02-10 21:14:32'),('Semenawi Keyih Bahri',14,230,'2024-02-10 21:14:32','2024-02-10 21:14:32'),('Debub',14,231,'2024-02-10 21:14:32','2024-02-10 21:14:32'),('Gash Barka',14,232,'2024-02-10 21:14:32','2024-02-10 21:14:32'),('Tigray',15,233,'2024-02-10 21:14:32','2024-02-10 21:14:32'),('Addis Ababa',15,234,'2024-02-10 21:14:32','2024-02-10 21:14:32'),('Somali',15,235,'2024-02-10 21:14:32','2024-02-10 21:14:32'),('Oromia',15,236,'2024-02-10 21:14:32','2024-02-10 21:14:32'),('Gambela Hizboch',15,237,'2024-02-10 21:14:32','2024-02-10 21:14:32'),('Harari',15,238,'2024-02-10 21:14:32','2024-02-10 21:14:32'),('Amhara',15,239,'2024-02-10 21:14:32','2024-02-10 21:14:32'),('Dire Dawa',15,240,'2024-02-10 21:14:32','2024-02-10 21:14:32'),('Afar',15,241,'2024-02-10 21:14:32','2024-02-10 21:14:32'),('Binshangul Gumuz',15,242,'2024-02-10 21:14:32','2024-02-10 21:14:32'),('Moanda',16,243,'2024-02-10 21:14:32','2024-02-10 21:14:32'),('Libreville',16,244,'2024-02-10 21:14:32','2024-02-10 21:14:32'),('Gamba',16,245,'2024-02-10 21:14:32','2024-02-10 21:14:32'),('Mamagnia',16,246,'2024-02-10 21:14:32','2024-02-10 21:14:32'),('Port-Gentil',16,247,'2024-02-10 21:14:32','2024-02-10 21:14:32'),('Upper River',17,248,'2024-02-10 21:14:32','2024-02-10 21:14:32'),('Lower River',17,249,'2024-02-10 21:14:32','2024-02-10 21:14:32'),('North Bank',17,250,'2024-02-10 21:14:32','2024-02-10 21:14:32'),('Western',17,251,'2024-02-10 21:14:32','2024-02-10 21:14:32'),('Banjul',17,252,'2024-02-10 21:14:32','2024-02-10 21:14:32'),('Central River',17,253,'2024-02-10 21:14:32','2024-02-10 21:14:32'),('Bawku',18,254,'2024-02-10 21:14:32','2024-02-10 21:14:32'),('Berekum',18,255,'2024-02-10 21:14:32','2024-02-10 21:14:32'),('Cape Coast',18,256,'2024-02-10 21:14:32','2024-02-10 21:14:32'),('Takoradi',18,257,'2024-02-10 21:14:32','2024-02-10 21:14:32'),('Sunyani',18,258,'2024-02-10 21:14:32','2024-02-10 21:14:32'),('Home',18,259,'2024-02-10 21:14:32','2024-02-10 21:14:32'),('Winneba',18,260,'2024-02-10 21:14:32','2024-02-10 21:14:32'),('Tema',18,261,'2024-02-10 21:14:32','2024-02-10 21:14:32'),('Kumasi',18,262,'2024-02-10 21:14:32','2024-02-10 21:14:32'),('Wa',18,263,'2024-02-10 21:14:32','2024-02-10 21:14:32'),('Koforidua',18,264,'2024-02-10 21:14:32','2024-02-10 21:14:32'),('Mampong',18,265,'2024-02-10 21:14:32','2024-02-10 21:14:32'),('Navrongo',18,266,'2024-02-10 21:14:32','2024-02-10 21:14:32'),('Bolgatanga',18,267,'2024-02-10 21:14:32','2024-02-10 21:14:32'),('Legon',18,268,'2024-02-10 21:14:32','2024-02-10 21:14:32'),('Accra',18,269,'2024-02-10 21:14:32','2024-02-10 21:14:32'),('Conakry',19,270,'2024-02-10 21:14:32','2024-02-10 21:14:32'),('Port Kamsar',19,271,'2024-02-10 21:14:32','2024-02-10 21:14:32'),('Dabola',19,272,'2024-02-10 21:14:32','2024-02-10 21:14:32'),('Mamou',19,273,'2024-02-10 21:14:32','2024-02-10 21:14:32'),('Kankan',19,274,'2024-02-10 21:14:32','2024-02-10 21:14:32'),('Sangaredi',19,275,'2024-02-10 21:14:32','2024-02-10 21:14:32'),('Kalia',19,276,'2024-02-10 21:14:32','2024-02-10 21:14:32'),('Lola',19,277,'2024-02-10 21:14:32','2024-02-10 21:14:32'),('Bafata',20,278,'2024-02-10 21:14:32','2024-02-10 21:14:32'),('Bissau',20,279,'2024-02-10 21:14:32','2024-02-10 21:14:32'),('Quinara',20,280,'2024-02-10 21:14:32','2024-02-10 21:14:32'),('Cacheu',20,281,'2024-02-10 21:14:32','2024-02-10 21:14:32'),('Tombali',20,282,'2024-02-10 21:14:32','2024-02-10 21:14:32'),('Bolama',20,283,'2024-02-10 21:14:32','2024-02-10 21:14:32'),('Gabu',20,284,'2024-02-10 21:14:32','2024-02-10 21:14:32'),('Biombo',20,285,'2024-02-10 21:14:32','2024-02-10 21:14:32'),('Oio',20,286,'2024-02-10 21:14:32','2024-02-10 21:14:32'),('Danané',21,287,'2024-02-10 21:14:32','2024-02-10 21:14:32'),('San-Pédro',21,288,'2024-02-10 21:14:32','2024-02-10 21:14:32'),('N\'Zi',21,289,'2024-02-10 21:14:32','2024-02-10 21:14:32'),('Bouna',21,290,'2024-02-10 21:14:32','2024-02-10 21:14:32'),('Sud-Comoé',21,291,'2024-02-10 21:14:32','2024-02-10 21:14:32'),('Bongouanou',21,292,'2024-02-10 21:14:32','2024-02-10 21:14:32'),('Gôh',21,293,'2024-02-10 21:14:32','2024-02-10 21:14:32'),('Nawa',21,294,'2024-02-10 21:14:32','2024-02-10 21:14:32'),('Duekoué',21,295,'2024-02-10 21:14:32','2024-02-10 21:14:32'),('Gontougo',21,296,'2024-02-10 21:14:32','2024-02-10 21:14:32'),('Man',21,297,'2024-02-10 21:14:32','2024-02-10 21:14:32'),('Bouaké',21,298,'2024-02-10 21:14:32','2024-02-10 21:14:32'),('Folon',21,299,'2024-02-10 21:14:32','2024-02-10 21:14:32'),('Akoupé',21,300,'2024-02-10 21:14:32','2024-02-10 21:14:32'),('Katiola',21,301,'2024-02-10 21:14:32','2024-02-10 21:14:32'),('Agnibilékrou',21,302,'2024-02-10 21:14:32','2024-02-10 21:14:32'),('Bouaflé',21,303,'2024-02-10 21:14:32','2024-02-10 21:14:32'),('Tabou',21,304,'2024-02-10 21:14:32','2024-02-10 21:14:32'),('Haut-Sassandra',21,305,'2024-02-10 21:14:32','2024-02-10 21:14:32'),('Guibéroua',21,306,'2024-02-10 21:14:32','2024-02-10 21:14:32'),('Hambol',21,307,'2024-02-10 21:14:32','2024-02-10 21:14:32'),('Bounkani',21,308,'2024-02-10 21:14:32','2024-02-10 21:14:32'),('Daoukro',21,309,'2024-02-10 21:14:32','2024-02-10 21:14:32'),('Grands-Ponts',21,310,'2024-02-10 21:14:32','2024-02-10 21:14:32'),('Cavally',21,311,'2024-02-10 21:14:32','2024-02-10 21:14:32'),('Vavoua',21,312,'2024-02-10 21:14:32','2024-02-10 21:14:32'),('Gbêkê',21,313,'2024-02-10 21:14:32','2024-02-10 21:14:32'),('Lakota',21,314,'2024-02-10 21:14:32','2024-02-10 21:14:32'),('Séguéla',21,315,'2024-02-10 21:14:32','2024-02-10 21:14:32'),('Indénié-Djuablin',21,316,'2024-02-10 21:14:32','2024-02-10 21:14:32'),('Bafing',21,317,'2024-02-10 21:14:32','2024-02-10 21:14:32'),('Tanda',21,318,'2024-02-10 21:14:32','2024-02-10 21:14:32'),('Abidjan',21,319,'2024-02-10 21:14:32','2024-02-10 21:14:32'),('Bangolo',21,320,'2024-02-10 21:14:32','2024-02-10 21:14:32'),('Sinfra',21,321,'2024-02-10 21:14:32','2024-02-10 21:14:32'),('Bocanda',21,322,'2024-02-10 21:14:32','2024-02-10 21:14:32'),('Moronou',21,323,'2024-02-10 21:14:32','2024-02-10 21:14:32'),('Biankouma',21,324,'2024-02-10 21:14:32','2024-02-10 21:14:32'),('Gagnoa',21,325,'2024-02-10 21:14:32','2024-02-10 21:14:32'),('Adiaké',21,326,'2024-02-10 21:14:32','2024-02-10 21:14:32'),('Béoumi',21,327,'2024-02-10 21:14:32','2024-02-10 21:14:32'),('Ayamé',21,328,'2024-02-10 21:14:32','2024-02-10 21:14:32'),('Anyama',21,329,'2024-02-10 21:14:32','2024-02-10 21:14:32'),('Lôh-Djiboua',21,330,'2024-02-10 21:14:32','2024-02-10 21:14:32'),('Gbôklé',21,331,'2024-02-10 21:14:32','2024-02-10 21:14:32'),('Adzopé',21,332,'2024-02-10 21:14:32','2024-02-10 21:14:32'),('Guiglo',21,333,'2024-02-10 21:14:32','2024-02-10 21:14:32'),('Sakassou',21,334,'2024-02-10 21:14:32','2024-02-10 21:14:32'),('Botro',21,335,'2024-02-10 21:14:32','2024-02-10 21:14:32'),('Marahoué',21,336,'2024-02-10 21:14:32','2024-02-10 21:14:32'),('Yamoussoukro',21,337,'2024-02-10 21:14:32','2024-02-10 21:14:32'),('Daloa',21,338,'2024-02-10 21:14:32','2024-02-10 21:14:32'),('Guémon',21,339,'2024-02-10 21:14:32','2024-02-10 21:14:32'),('Odienné',21,340,'2024-02-10 21:14:32','2024-02-10 21:14:32'),('Aboisso',21,341,'2024-02-10 21:14:32','2024-02-10 21:14:32'),('Divo',21,342,'2024-02-10 21:14:32','2024-02-10 21:14:32'),('Tonkpi',21,343,'2024-02-10 21:14:32','2024-02-10 21:14:32'),('Grand-Bassam',21,344,'2024-02-10 21:14:32','2024-02-10 21:14:32'),('Iffou',21,345,'2024-02-10 21:14:32','2024-02-10 21:14:32'),('Toumodi',21,346,'2024-02-10 21:14:32','2024-02-10 21:14:32'),('Toulépleu Gueré',21,347,'2024-02-10 21:14:32','2024-02-10 21:14:32'),('Zuénoula',21,348,'2024-02-10 21:14:32','2024-02-10 21:14:32'),('Sassandra',21,349,'2024-02-10 21:14:32','2024-02-10 21:14:32'),('Agnéby-Tiassa',21,350,'2024-02-10 21:14:32','2024-02-10 21:14:32'),('Oumé',21,351,'2024-02-10 21:14:32','2024-02-10 21:14:32'),('Arrah',21,352,'2024-02-10 21:14:32','2024-02-10 21:14:32'),('Affery',21,353,'2024-02-10 21:14:32','2024-02-10 21:14:32'),('Bélier',21,354,'2024-02-10 21:14:32','2024-02-10 21:14:32'),('Touba',21,355,'2024-02-10 21:14:32','2024-02-10 21:14:32'),('Bingerville',21,356,'2024-02-10 21:14:32','2024-02-10 21:14:32'),('Kabadougou',21,357,'2024-02-10 21:14:32','2024-02-10 21:14:32'),('Bondoukou',21,358,'2024-02-10 21:14:32','2024-02-10 21:14:32'),('Mankono',21,359,'2024-02-10 21:14:32','2024-02-10 21:14:32'),('Grand-Lahou',21,360,'2024-02-10 21:14:32','2024-02-10 21:14:32'),('Tiassalé',21,361,'2024-02-10 21:14:32','2024-02-10 21:14:32'),('Bonoua',21,362,'2024-02-10 21:14:32','2024-02-10 21:14:32'),('Abengourou',21,363,'2024-02-10 21:14:32','2024-02-10 21:14:32'),('Dabakala',21,364,'2024-02-10 21:14:32','2024-02-10 21:14:32'),('Issia',21,365,'2024-02-10 21:14:32','2024-02-10 21:14:32'),('Agboville',21,366,'2024-02-10 21:14:32','2024-02-10 21:14:32'),('Worodougou',21,367,'2024-02-10 21:14:32','2024-02-10 21:14:32'),('Dabou',21,368,'2024-02-10 21:14:32','2024-02-10 21:14:32'),('Béré',21,369,'2024-02-10 21:14:32','2024-02-10 21:14:32'),('Abobo',21,370,'2024-02-10 21:14:33','2024-02-10 21:14:33'),('Dimbokro',21,371,'2024-02-10 21:14:33','2024-02-10 21:14:33'),('Kikuyu',22,372,'2024-02-10 21:14:33','2024-02-10 21:14:33'),('Mbita',22,373,'2024-02-10 21:14:33','2024-02-10 21:14:33'),('Siaya',22,374,'2024-02-10 21:14:33','2024-02-10 21:14:33'),('Turbo',22,375,'2024-02-10 21:14:33','2024-02-10 21:14:33'),('Kabete',22,376,'2024-02-10 21:14:33','2024-02-10 21:14:33'),('Kitale',22,377,'2024-02-10 21:14:33','2024-02-10 21:14:33'),('Chuka',22,378,'2024-02-10 21:14:33','2024-02-10 21:14:33'),('Mombasa',22,379,'2024-02-10 21:14:33','2024-02-10 21:14:33'),('Karatina',22,380,'2024-02-10 21:14:33','2024-02-10 21:14:33'),('Nairobi',22,381,'2024-02-10 21:14:33','2024-02-10 21:14:33'),('Wote',22,382,'2024-02-10 21:14:33','2024-02-10 21:14:33'),('Kisii',22,383,'2024-02-10 21:14:33','2024-02-10 21:14:33'),('Eldoret',22,384,'2024-02-10 21:14:33','2024-02-10 21:14:33'),('Machakos',22,385,'2024-02-10 21:14:33','2024-02-10 21:14:33'),('Kitui',22,386,'2024-02-10 21:14:33','2024-02-10 21:14:33'),('Thika',22,387,'2024-02-10 21:14:33','2024-02-10 21:14:33'),('Maseno',22,388,'2024-02-10 21:14:33','2024-02-10 21:14:33'),('Kaiboi',22,389,'2024-02-10 21:14:33','2024-02-10 21:14:33'),('Bondo',22,390,'2024-02-10 21:14:33','2024-02-10 21:14:33'),('Kisumu',22,391,'2024-02-10 21:14:33','2024-02-10 21:14:33'),('Sawa Sawa',22,392,'2024-02-10 21:14:33','2024-02-10 21:14:33'),('Kiambu',22,393,'2024-02-10 21:14:33','2024-02-10 21:14:33'),('Nakuru',22,394,'2024-02-10 21:14:33','2024-02-10 21:14:33'),('Maseru',23,395,'2024-02-10 21:14:33','2024-02-10 21:14:33'),('Butha-Buthe',23,396,'2024-02-10 21:14:33','2024-02-10 21:14:33'),('Leribe',23,397,'2024-02-10 21:14:33','2024-02-10 21:14:33'),('Quthing',23,398,'2024-02-10 21:14:33','2024-02-10 21:14:33'),('Mafeteng',23,399,'2024-02-10 21:14:33','2024-02-10 21:14:33'),('Qacha\'s Nek',23,400,'2024-02-10 21:14:33','2024-02-10 21:14:33'),('Mohale\'s Hoek',23,401,'2024-02-10 21:14:33','2024-02-10 21:14:33'),('Berea',23,402,'2024-02-10 21:14:33','2024-02-10 21:14:33'),('Thaba-Tseka',23,403,'2024-02-10 21:14:33','2024-02-10 21:14:33'),('Mokhotlong',23,404,'2024-02-10 21:14:33','2024-02-10 21:14:33'),('Sinoe',24,405,'2024-02-10 21:14:33','2024-02-10 21:14:33'),('River Gee',24,406,'2024-02-10 21:14:33','2024-02-10 21:14:33'),('Grand Kru',24,407,'2024-02-10 21:14:33','2024-02-10 21:14:33'),('Grand Bassa',24,408,'2024-02-10 21:14:33','2024-02-10 21:14:33'),('Lofa',24,409,'2024-02-10 21:14:33','2024-02-10 21:14:33'),('Grand Cape Mount',24,410,'2024-02-10 21:14:33','2024-02-10 21:14:33'),('Margibi',24,411,'2024-02-10 21:14:33','2024-02-10 21:14:33'),('Bomi',24,412,'2024-02-10 21:14:33','2024-02-10 21:14:33'),('Bong',24,413,'2024-02-10 21:14:33','2024-02-10 21:14:33'),('River Cess',24,414,'2024-02-10 21:14:33','2024-02-10 21:14:33'),('Montserrado',24,415,'2024-02-10 21:14:33','2024-02-10 21:14:33'),('Nimba',24,416,'2024-02-10 21:14:33','2024-02-10 21:14:33'),('Maryland',24,417,'2024-02-10 21:14:33','2024-02-10 21:14:33'),('Grand Gedeh',24,418,'2024-02-10 21:14:33','2024-02-10 21:14:33'),('Gbarpolu',24,419,'2024-02-10 21:14:33','2024-02-10 21:14:33'),('Sabha',25,420,'2024-02-10 21:14:33','2024-02-10 21:14:33'),('Tripoli',25,421,'2024-02-10 21:14:33','2024-02-10 21:14:33'),('Benghazi',25,422,'2024-02-10 21:14:33','2024-02-10 21:14:33'),('Zliten',25,423,'2024-02-10 21:14:33','2024-02-10 21:14:33'),('Misratah',25,424,'2024-02-10 21:14:33','2024-02-10 21:14:33'),('Antsiranana',26,425,'2024-02-10 21:14:33','2024-02-10 21:14:33'),('Fianarantsoa',26,426,'2024-02-10 21:14:33','2024-02-10 21:14:33'),('Ambanja',26,427,'2024-02-10 21:14:33','2024-02-10 21:14:33'),('Antananarivo',26,428,'2024-02-10 21:14:33','2024-02-10 21:14:33'),('Antsirabe',26,429,'2024-02-10 21:14:33','2024-02-10 21:14:33'),('Toliara',26,430,'2024-02-10 21:14:33','2024-02-10 21:14:33'),('Toamasina',26,431,'2024-02-10 21:14:33','2024-02-10 21:14:33'),('Nkhata Bay',27,432,'2024-02-10 21:14:33','2024-02-10 21:14:33'),('Machinga',27,433,'2024-02-10 21:14:33','2024-02-10 21:14:33'),('Ntcheu',27,434,'2024-02-10 21:14:33','2024-02-10 21:14:33'),('Likoma',27,435,'2024-02-10 21:14:33','2024-02-10 21:14:33'),('Mchinji',27,436,'2024-02-10 21:14:33','2024-02-10 21:14:33'),('Chikwawa',27,437,'2024-02-10 21:14:33','2024-02-10 21:14:33'),('Kasungu',27,438,'2024-02-10 21:14:33','2024-02-10 21:14:33'),('Zomba',27,439,'2024-02-10 21:14:33','2024-02-10 21:14:33'),('Dedza',27,440,'2024-02-10 21:14:33','2024-02-10 21:14:33'),('Nsanje',27,441,'2024-02-10 21:14:33','2024-02-10 21:14:33'),('Rumphi',27,442,'2024-02-10 21:14:33','2024-02-10 21:14:33'),('Lilongwe',27,443,'2024-02-10 21:14:33','2024-02-10 21:14:33'),('Chiradzulu',27,444,'2024-02-10 21:14:33','2024-02-10 21:14:33'),('Mwanza',27,445,'2024-02-10 21:14:33','2024-02-10 21:14:33'),('Balaka',27,446,'2024-02-10 21:14:33','2024-02-10 21:14:33'),('Thyolo',27,447,'2024-02-10 21:14:33','2024-02-10 21:14:33'),('Blantyre',27,448,'2024-02-10 21:14:33','2024-02-10 21:14:33'),('Dowa',27,449,'2024-02-10 21:14:33','2024-02-10 21:14:33'),('Mulanje',27,450,'2024-02-10 21:14:33','2024-02-10 21:14:33'),('Ntchisi',27,451,'2024-02-10 21:14:33','2024-02-10 21:14:33'),('Karonga',27,452,'2024-02-10 21:14:33','2024-02-10 21:14:33'),('Salima',27,453,'2024-02-10 21:14:33','2024-02-10 21:14:33'),('Mzimba',27,454,'2024-02-10 21:14:33','2024-02-10 21:14:33'),('Nkhotakota',27,455,'2024-02-10 21:14:33','2024-02-10 21:14:33'),('Mangochi',27,456,'2024-02-10 21:14:33','2024-02-10 21:14:33'),('Chitipa',27,457,'2024-02-10 21:14:33','2024-02-10 21:14:33'),('Phalombe',27,458,'2024-02-10 21:14:33','2024-02-10 21:14:33'),('Segou',28,459,'2024-02-10 21:14:33','2024-02-10 21:14:33'),('Koulikoro',28,460,'2024-02-10 21:14:33','2024-02-10 21:14:33'),('Tombouctou',28,461,'2024-02-10 21:14:33','2024-02-10 21:14:33'),('Bamako (Capital)',28,462,'2024-02-10 21:14:33','2024-02-10 21:14:33'),('Sikasso',28,463,'2024-02-10 21:14:33','2024-02-10 21:14:33'),('Mopti',28,464,'2024-02-10 21:14:33','2024-02-10 21:14:33'),('Kidal',28,465,'2024-02-10 21:14:33','2024-02-10 21:14:33'),('Gao',28,466,'2024-02-10 21:14:33','2024-02-10 21:14:33'),('Kayes',28,467,'2024-02-10 21:14:33','2024-02-10 21:14:33'),('Hodh El Gharbi',29,468,'2024-02-10 21:14:33','2024-02-10 21:14:33'),('Trarza',29,469,'2024-02-10 21:14:33','2024-02-10 21:14:33'),('Gorgol',29,470,'2024-02-10 21:14:33','2024-02-10 21:14:33'),('Assaba',29,471,'2024-02-10 21:14:33','2024-02-10 21:14:33'),('Dakhlet Nouadhibou',29,472,'2024-02-10 21:14:33','2024-02-10 21:14:33'),('Inchiri',29,473,'2024-02-10 21:14:33','2024-02-10 21:14:33'),('Brakna',29,474,'2024-02-10 21:14:33','2024-02-10 21:14:33'),('Guidimaka',29,475,'2024-02-10 21:14:33','2024-02-10 21:14:33'),('Tiris Zemmour',29,476,'2024-02-10 21:14:33','2024-02-10 21:14:33'),('Adrar',29,477,'2024-02-10 21:14:33','2024-02-10 21:14:33'),('Hodh Ech Chargui',29,478,'2024-02-10 21:14:33','2024-02-10 21:14:33'),('Nouakchott',29,479,'2024-02-10 21:14:33','2024-02-10 21:14:33'),('Tagant',29,480,'2024-02-10 21:14:33','2024-02-10 21:14:33'),('Quatre Bornes',30,481,'2024-02-10 21:14:33','2024-02-10 21:14:33'),('Saint Jean',30,482,'2024-02-10 21:14:33','2024-02-10 21:14:33'),('Goodlands',30,483,'2024-02-10 21:14:33','2024-02-10 21:14:33'),('Ebene CyberCity',30,484,'2024-02-10 21:14:33','2024-02-10 21:14:33'),('Port Louis',30,485,'2024-02-10 21:14:33','2024-02-10 21:14:33'),('Rose Hill',30,486,'2024-02-10 21:14:33','2024-02-10 21:14:33'),('Vacoas',30,487,'2024-02-10 21:14:33','2024-02-10 21:14:33'),('Port Mathurin',30,488,'2024-02-10 21:14:33','2024-02-10 21:14:33'),('Floreal',30,489,'2024-02-10 21:14:33','2024-02-10 21:14:33'),('Tamarin',30,490,'2024-02-10 21:14:33','2024-02-10 21:14:33'),('Chemin Grenier',30,491,'2024-02-10 21:14:33','2024-02-10 21:14:33'),('Beau Bassin',30,492,'2024-02-10 21:14:33','2024-02-10 21:14:33'),('Le Reduit',30,493,'2024-02-10 21:14:33','2024-02-10 21:14:33'),('Tsingoni',31,494,'2024-02-10 21:14:33','2024-02-10 21:14:33'),('Dzaoudzi',31,495,'2024-02-10 21:14:33','2024-02-10 21:14:33'),('Sada',31,496,'2024-02-10 21:14:33','2024-02-10 21:14:33'),('Chiconi',31,497,'2024-02-10 21:14:33','2024-02-10 21:14:33'),('Koungou',31,498,'2024-02-10 21:14:33','2024-02-10 21:14:33'),('Ouangani',31,499,'2024-02-10 21:14:33','2024-02-10 21:14:33'),('Mamoudzou',31,500,'2024-02-10 21:14:33','2024-02-10 21:14:33'),('Tsoundzou 1',31,501,'2024-02-10 21:14:33','2024-02-10 21:14:33'),('Dzoumonye',31,502,'2024-02-10 21:14:33','2024-02-10 21:14:33'),('Bandaboa',31,503,'2024-02-10 21:14:33','2024-02-10 21:14:33'),('Combani',31,504,'2024-02-10 21:14:33','2024-02-10 21:14:33'),('Pamandzi',31,505,'2024-02-10 21:14:33','2024-02-10 21:14:33'),('Errachidia',32,506,'2024-02-10 21:14:33','2024-02-10 21:14:33'),('Larache',32,507,'2024-02-10 21:14:33','2024-02-10 21:14:33'),('Agadir',32,508,'2024-02-10 21:14:33','2024-02-10 21:14:33'),('Mansour',32,509,'2024-02-10 21:14:33','2024-02-10 21:14:33'),('Beni Mellal',32,510,'2024-02-10 21:14:33','2024-02-10 21:14:33'),('Afourer',32,511,'2024-02-10 21:14:33','2024-02-10 21:14:33'),('El Jadida',32,512,'2024-02-10 21:14:33','2024-02-10 21:14:33'),('Casablanca',32,513,'2024-02-10 21:14:33','2024-02-10 21:14:33'),('Ait Melloul',32,514,'2024-02-10 21:14:33','2024-02-10 21:14:33'),('Tiflet',32,515,'2024-02-10 21:14:33','2024-02-10 21:14:33'),('Kenitra',32,516,'2024-02-10 21:14:33','2024-02-10 21:14:33'),('Settat',32,517,'2024-02-10 21:14:33','2024-02-10 21:14:33'),('Sidi Bennour',32,518,'2024-02-10 21:14:33','2024-02-10 21:14:33'),('Sidi Slimane',32,519,'2024-02-10 21:14:33','2024-02-10 21:14:33'),('Ouazzane',32,520,'2024-02-10 21:14:33','2024-02-10 21:14:33'),('Oued Zem',32,521,'2024-02-10 21:14:33','2024-02-10 21:14:33'),('Sefrou',32,522,'2024-02-10 21:14:33','2024-02-10 21:14:33'),('Touissite',32,523,'2024-02-10 21:14:33','2024-02-10 21:14:33'),('Fes',32,524,'2024-02-10 21:14:33','2024-02-10 21:14:33'),('Deroua',32,525,'2024-02-10 21:14:33','2024-02-10 21:14:33'),('Berrechid',32,526,'2024-02-10 21:14:33','2024-02-10 21:14:33'),('Taza',32,527,'2024-02-10 21:14:33','2024-02-10 21:14:33'),('Tiznit',32,528,'2024-02-10 21:14:33','2024-02-10 21:14:33'),('Khemisset',32,529,'2024-02-10 21:14:33','2024-02-10 21:14:33'),('Assa',32,530,'2024-02-10 21:14:33','2024-02-10 21:14:33'),('Fkih Ben Salah',32,531,'2024-02-10 21:14:33','2024-02-10 21:14:33'),('Benguerir',32,532,'2024-02-10 21:14:33','2024-02-10 21:14:33'),('Safi',32,533,'2024-02-10 21:14:33','2024-02-10 21:14:33'),('Skhirat',32,534,'2024-02-10 21:14:33','2024-02-10 21:14:33'),('Nador',32,535,'2024-02-10 21:14:33','2024-02-10 21:14:33'),('Tahala',32,536,'2024-02-10 21:14:33','2024-02-10 21:14:33'),('Khouribga',32,537,'2024-02-10 21:14:33','2024-02-10 21:14:33'),('Oulad Teima',32,538,'2024-02-10 21:14:33','2024-02-10 21:14:33'),('Erfoud',32,539,'2024-02-10 21:14:33','2024-02-10 21:14:33'),('Tarfaya',32,540,'2024-02-10 21:14:33','2024-02-10 21:14:33'),('Marrakesh',32,541,'2024-02-10 21:14:33','2024-02-10 21:14:33'),('Ksar el Kebir',32,542,'2024-02-10 21:14:33','2024-02-10 21:14:33'),('Mohammedia',32,543,'2024-02-10 21:14:33','2024-02-10 21:14:33'),('Mehediyah',32,544,'2024-02-10 21:14:33','2024-02-10 21:14:33'),('Tan-Tan',32,545,'2024-02-10 21:14:33','2024-02-10 21:14:33'),('El Gara',32,546,'2024-02-10 21:14:33','2024-02-10 21:14:33'),('El Hajeb',32,547,'2024-02-10 21:14:33','2024-02-10 21:14:33'),('Tangier',32,548,'2024-02-10 21:14:33','2024-02-10 21:14:33'),('Temara',32,549,'2024-02-10 21:14:34','2024-02-10 21:14:34'),('Oujda',32,550,'2024-02-10 21:14:34','2024-02-10 21:14:34'),('Al Hoceima',32,551,'2024-02-10 21:14:34','2024-02-10 21:14:34'),('Rabat',32,552,'2024-02-10 21:14:34','2024-02-10 21:14:34'),('Meknes',32,553,'2024-02-10 21:14:34','2024-02-10 21:14:34'),('Nampula',33,554,'2024-02-10 21:14:34','2024-02-10 21:14:34'),('Maputo',33,555,'2024-02-10 21:14:34','2024-02-10 21:14:34'),('Quelimane',33,556,'2024-02-10 21:14:34','2024-02-10 21:14:34'),('Beira',33,557,'2024-02-10 21:14:34','2024-02-10 21:14:34'),('Pemba',33,558,'2024-02-10 21:14:34','2024-02-10 21:14:34'),('Matola',33,559,'2024-02-10 21:14:34','2024-02-10 21:14:34'),('Tete',33,560,'2024-02-10 21:14:34','2024-02-10 21:14:34'),('Mozambique',33,561,'2024-02-10 21:14:34','2024-02-10 21:14:34'),('Walvis Bay',34,562,'2024-02-10 21:14:34','2024-02-10 21:14:34'),('Swakopmund',34,563,'2024-02-10 21:14:34','2024-02-10 21:14:34'),('Oranjemund',34,564,'2024-02-10 21:14:34','2024-02-10 21:14:34'),('Keetmanshoop',34,565,'2024-02-10 21:14:34','2024-02-10 21:14:34'),('Olympia',34,566,'2024-02-10 21:14:34','2024-02-10 21:14:34'),('Otjiwarongo',34,567,'2024-02-10 21:14:34','2024-02-10 21:14:34'),('Outapi',34,568,'2024-02-10 21:14:34','2024-02-10 21:14:34'),('Windhoek',34,569,'2024-02-10 21:14:34','2024-02-10 21:14:34'),('Mpapuka',34,570,'2024-02-10 21:14:34','2024-02-10 21:14:34'),('Katima Mulilo',34,571,'2024-02-10 21:14:34','2024-02-10 21:14:34'),('Etunda',34,572,'2024-02-10 21:14:34','2024-02-10 21:14:34'),('Tsumeb',34,573,'2024-02-10 21:14:34','2024-02-10 21:14:34'),('Ongwediva',34,574,'2024-02-10 21:14:34','2024-02-10 21:14:34'),('Oshakati',34,575,'2024-02-10 21:14:34','2024-02-10 21:14:34'),('Ondangwa',34,576,'2024-02-10 21:14:34','2024-02-10 21:14:34'),('Grootfontein',34,577,'2024-02-10 21:14:34','2024-02-10 21:14:34'),('Zinder',35,578,'2024-02-10 21:14:34','2024-02-10 21:14:34'),('Gouré',35,579,'2024-02-10 21:14:34','2024-02-10 21:14:34'),('Guidan Roumji',35,580,'2024-02-10 21:14:34','2024-02-10 21:14:34'),('Filingué',35,581,'2024-02-10 21:14:34','2024-02-10 21:14:34'),('Tchintabaraden',35,582,'2024-02-10 21:14:34','2024-02-10 21:14:34'),('Torodi',35,583,'2024-02-10 21:14:34','2024-02-10 21:14:34'),('Illéla',35,584,'2024-02-10 21:14:34','2024-02-10 21:14:34'),('Diffa',35,585,'2024-02-10 21:14:34','2024-02-10 21:14:34'),('Agadez',35,586,'2024-02-10 21:14:34','2024-02-10 21:14:34'),('Mirria',35,587,'2024-02-10 21:14:34','2024-02-10 21:14:34'),('Balléyara',35,588,'2024-02-10 21:14:34','2024-02-10 21:14:34'),('Kollo',35,589,'2024-02-10 21:14:34','2024-02-10 21:14:34'),('Maradi',35,590,'2024-02-10 21:14:34','2024-02-10 21:14:34'),('Gazaoua',35,591,'2024-02-10 21:14:34','2024-02-10 21:14:34'),('Dosso',35,592,'2024-02-10 21:14:34','2024-02-10 21:14:34'),('Ouallam',35,593,'2024-02-10 21:14:34','2024-02-10 21:14:34'),('Keita',35,594,'2024-02-10 21:14:34','2024-02-10 21:14:34'),('Tibiri',35,595,'2024-02-10 21:14:34','2024-02-10 21:14:34'),('Bouza',35,596,'2024-02-10 21:14:34','2024-02-10 21:14:34'),('Birni Nkonni',35,597,'2024-02-10 21:14:34','2024-02-10 21:14:34'),('Maïné-Soroa',35,598,'2024-02-10 21:14:34','2024-02-10 21:14:34'),('Dakoro',35,599,'2024-02-10 21:14:34','2024-02-10 21:14:34'),('Madaoua',35,600,'2024-02-10 21:14:34','2024-02-10 21:14:34'),('Birni Ngaouré',35,601,'2024-02-10 21:14:34','2024-02-10 21:14:34'),('Tahoua',35,602,'2024-02-10 21:14:34','2024-02-10 21:14:34'),('Ayourou',35,603,'2024-02-10 21:14:34','2024-02-10 21:14:34'),('Say',35,604,'2024-02-10 21:14:34','2024-02-10 21:14:34'),('Tessaoua',35,605,'2024-02-10 21:14:34','2024-02-10 21:14:34'),('Tillabéri',35,606,'2024-02-10 21:14:34','2024-02-10 21:14:34'),('Arlit',35,607,'2024-02-10 21:14:34','2024-02-10 21:14:34'),('Abala',35,608,'2024-02-10 21:14:34','2024-02-10 21:14:34'),('Gaya',35,609,'2024-02-10 21:14:34','2024-02-10 21:14:34'),('Niamey',35,610,'2024-02-10 21:14:34','2024-02-10 21:14:34'),('Tânout',35,611,'2024-02-10 21:14:34','2024-02-10 21:14:34'),('Madarounfa',35,612,'2024-02-10 21:14:34','2024-02-10 21:14:34'),('Abalak',35,613,'2024-02-10 21:14:34','2024-02-10 21:14:34'),('Dogondoutchi',35,614,'2024-02-10 21:14:34','2024-02-10 21:14:34'),('Aguié',35,615,'2024-02-10 21:14:34','2024-02-10 21:14:34'),('Matameye',35,616,'2024-02-10 21:14:34','2024-02-10 21:14:34'),('Nguigmi',35,617,'2024-02-10 21:14:34','2024-02-10 21:14:34'),('Téra',35,618,'2024-02-10 21:14:34','2024-02-10 21:14:34'),('Mayahi',35,619,'2024-02-10 21:14:34','2024-02-10 21:14:34'),('Magaria',35,620,'2024-02-10 21:14:34','2024-02-10 21:14:34'),('Magodo',36,621,'2024-02-10 21:14:34','2024-02-10 21:14:34'),('Mogho',36,622,'2024-02-10 21:14:34','2024-02-10 21:14:34'),('Ipaja',36,623,'2024-02-10 21:14:34','2024-02-10 21:14:34'),('Lokoja',36,624,'2024-02-10 21:14:34','2024-02-10 21:14:34'),('Owerri',36,625,'2024-02-10 21:14:34','2024-02-10 21:14:34'),('Ota',36,626,'2024-02-10 21:14:34','2024-02-10 21:14:34'),('Ido',36,627,'2024-02-10 21:14:34','2024-02-10 21:14:34'),('Yola',36,628,'2024-02-10 21:14:34','2024-02-10 21:14:34'),('Igando',36,629,'2024-02-10 21:14:34','2024-02-10 21:14:34'),('Yaba',36,630,'2024-02-10 21:14:34','2024-02-10 21:14:34'),('Kaduna',36,631,'2024-02-10 21:14:34','2024-02-10 21:14:34'),('Ajuwon',36,632,'2024-02-10 21:14:34','2024-02-10 21:14:34'),('Onigbongbo',36,633,'2024-02-10 21:14:34','2024-02-10 21:14:34'),('Ayobo',36,634,'2024-02-10 21:14:34','2024-02-10 21:14:34'),('Kebbi',36,635,'2024-02-10 21:14:34','2024-02-10 21:14:34'),('Bonny',36,636,'2024-02-10 21:14:34','2024-02-10 21:14:34'),('Abeokuta',36,637,'2024-02-10 21:14:34','2024-02-10 21:14:34'),('Alimosho',36,638,'2024-02-10 21:14:34','2024-02-10 21:14:34'),('Ikotun',36,639,'2024-02-10 21:14:34','2024-02-10 21:14:34'),('Zaria',36,640,'2024-02-10 21:14:34','2024-02-10 21:14:34'),('Aganga',36,641,'2024-02-10 21:14:34','2024-02-10 21:14:34'),('Oworonsoki',36,642,'2024-02-10 21:14:34','2024-02-10 21:14:34'),('Jalingo',36,643,'2024-02-10 21:14:34','2024-02-10 21:14:34'),('Mushin',36,644,'2024-02-10 21:14:34','2024-02-10 21:14:34'),('Ikeja',36,645,'2024-02-10 21:14:34','2024-02-10 21:14:34'),('Ilesa',36,646,'2024-02-10 21:14:34','2024-02-10 21:14:34'),('Lagos',36,647,'2024-02-10 21:14:34','2024-02-10 21:14:34'),('Nsukka',36,648,'2024-02-10 21:14:34','2024-02-10 21:14:34'),('Ile-Ife',36,649,'2024-02-10 21:14:34','2024-02-10 21:14:34'),('Ungwan Madaki',36,650,'2024-02-10 21:14:34','2024-02-10 21:14:34'),('Igueben',36,651,'2024-02-10 21:14:34','2024-02-10 21:14:34'),('Obudu',36,652,'2024-02-10 21:14:34','2024-02-10 21:14:34'),('Ojo',36,653,'2024-02-10 21:14:34','2024-02-10 21:14:34'),('Shomolu',36,654,'2024-02-10 21:14:34','2024-02-10 21:14:34'),('Anambra',36,655,'2024-02-10 21:14:34','2024-02-10 21:14:34'),('Suleja',36,656,'2024-02-10 21:14:34','2024-02-10 21:14:34'),('Benin City',36,657,'2024-02-10 21:14:34','2024-02-10 21:14:34'),('Warri',36,658,'2024-02-10 21:14:34','2024-02-10 21:14:34'),('Akure',36,659,'2024-02-10 21:14:34','2024-02-10 21:14:34'),('Isolo',36,660,'2024-02-10 21:14:34','2024-02-10 21:14:34'),('Chafe',36,661,'2024-02-10 21:14:34','2024-02-10 21:14:34'),('Ilorin',36,662,'2024-02-10 21:14:34','2024-02-10 21:14:34'),('Abuja',36,663,'2024-02-10 21:14:34','2024-02-10 21:14:34'),('Ifako',36,664,'2024-02-10 21:14:34','2024-02-10 21:14:34'),('Makurdi',36,665,'2024-02-10 21:14:34','2024-02-10 21:14:34'),('Ekpoma',36,666,'2024-02-10 21:14:34','2024-02-10 21:14:34'),('Ikorodu',36,667,'2024-02-10 21:14:34','2024-02-10 21:14:34'),('Abakaliki',36,668,'2024-02-10 21:14:34','2024-02-10 21:14:34'),('Enugu',36,669,'2024-02-10 21:14:34','2024-02-10 21:14:34'),('Bwari',36,670,'2024-02-10 21:14:34','2024-02-10 21:14:34'),('Ibadan',36,671,'2024-02-10 21:14:34','2024-02-10 21:14:34'),('Mowe',36,672,'2024-02-10 21:14:34','2024-02-10 21:14:34'),('Uyo',36,673,'2024-02-10 21:14:34','2024-02-10 21:14:34'),('Birnin Kebbi',36,674,'2024-02-10 21:14:34','2024-02-10 21:14:34'),('Ondo',36,675,'2024-02-10 21:14:34','2024-02-10 21:14:34'),('Lekki',36,676,'2024-02-10 21:14:34','2024-02-10 21:14:34'),('Odau',36,677,'2024-02-10 21:14:34','2024-02-10 21:14:34'),('Forum',36,678,'2024-02-10 21:14:34','2024-02-10 21:14:34'),('Orile Oshodi',36,679,'2024-02-10 21:14:34','2024-02-10 21:14:34'),('Ajegunle',36,680,'2024-02-10 21:14:34','2024-02-10 21:14:34'),('Osogbo',36,681,'2024-02-10 21:14:34','2024-02-10 21:14:34'),('Burutu',36,682,'2024-02-10 21:14:34','2024-02-10 21:14:34'),('Suru-Lere',36,683,'2024-02-10 21:14:34','2024-02-10 21:14:34'),('Ado-Ekiti',36,684,'2024-02-10 21:14:34','2024-02-10 21:14:34'),('Funtua',36,685,'2024-02-10 21:14:34','2024-02-10 21:14:34'),('Abraka',36,686,'2024-02-10 21:14:34','2024-02-10 21:14:34'),('Port Harcourt',36,687,'2024-02-10 21:14:34','2024-02-10 21:14:34'),('Apapa',36,688,'2024-02-10 21:14:34','2024-02-10 21:14:34'),('Aba',36,689,'2024-02-10 21:14:34','2024-02-10 21:14:34'),('Agege',36,690,'2024-02-10 21:14:34','2024-02-10 21:14:34'),('Agidingbi',36,691,'2024-02-10 21:14:34','2024-02-10 21:14:34'),('Adodo',36,692,'2024-02-10 21:14:34','2024-02-10 21:14:34'),('Iseri-Oke',36,693,'2024-02-10 21:14:34','2024-02-10 21:14:34'),('Ughelli',36,694,'2024-02-10 21:14:34','2024-02-10 21:14:34'),('Minna',36,695,'2024-02-10 21:14:34','2024-02-10 21:14:34'),('Damaturu',36,696,'2024-02-10 21:14:34','2024-02-10 21:14:34'),('Maryland',36,697,'2024-02-10 21:14:34','2024-02-10 21:14:34'),('Calabar',36,698,'2024-02-10 21:14:34','2024-02-10 21:14:34'),('Obafemi',36,699,'2024-02-10 21:14:34','2024-02-10 21:14:34'),('Egbeda',36,700,'2024-02-10 21:14:34','2024-02-10 21:14:34'),('Tara',36,701,'2024-02-10 21:14:34','2024-02-10 21:14:34'),('Kano',36,702,'2024-02-10 21:14:34','2024-02-10 21:14:34'),('Oshodi',36,703,'2024-02-10 21:14:34','2024-02-10 21:14:34'),('Jos',36,704,'2024-02-10 21:14:34','2024-02-10 21:14:34'),('Ojota',36,705,'2024-02-10 21:14:34','2024-02-10 21:14:34'),('Butare',37,706,'2024-02-10 21:14:34','2024-02-10 21:14:34'),('Cyangugu',37,707,'2024-02-10 21:14:34','2024-02-10 21:14:34'),('Umutara',37,708,'2024-02-10 21:14:34','2024-02-10 21:14:34'),('Ruhengeri',37,709,'2024-02-10 21:14:34','2024-02-10 21:14:34'),('Kigali-ville',37,710,'2024-02-10 21:14:34','2024-02-10 21:14:34'),('Gitarama',37,711,'2024-02-10 21:14:34','2024-02-10 21:14:34'),('Gisenyi',37,712,'2024-02-10 21:14:34','2024-02-10 21:14:34'),('Kigali Rurale',37,713,'2024-02-10 21:14:34','2024-02-10 21:14:34'),('Kibungo',37,714,'2024-02-10 21:14:34','2024-02-10 21:14:34'),('Kibuye',37,715,'2024-02-10 21:14:34','2024-02-10 21:14:34'),('Byumba',37,716,'2024-02-10 21:14:34','2024-02-10 21:14:34'),('Gikongoro',37,717,'2024-02-10 21:14:34','2024-02-10 21:14:34'),('Sainte-Marie',38,718,'2024-02-10 21:14:34','2024-02-10 21:14:34'),('Saint-Louis',38,719,'2024-02-10 21:14:34','2024-02-10 21:14:34'),('Saint-André',38,720,'2024-02-10 21:14:34','2024-02-10 21:14:34'),('Le Port',38,721,'2024-02-10 21:14:34','2024-02-10 21:14:34'),('Saint-Leu',38,722,'2024-02-10 21:14:34','2024-02-10 21:14:34'),('La Possession',38,723,'2024-02-10 21:14:34','2024-02-10 21:14:34'),('Piton Saint-Leu',38,724,'2024-02-10 21:14:34','2024-02-10 21:14:34'),('Sainte-Suzanne',38,725,'2024-02-10 21:14:35','2024-02-10 21:14:35'),('Saint-Paul',38,726,'2024-02-10 21:14:35','2024-02-10 21:14:35'),('Saint-Denis',38,727,'2024-02-10 21:14:35','2024-02-10 21:14:35'),('Saint-Pierre',38,728,'2024-02-10 21:14:35','2024-02-10 21:14:35'),('Le Tampon',38,729,'2024-02-10 21:14:35','2024-02-10 21:14:35'),('Saint-Benoît',38,730,'2024-02-10 21:14:35','2024-02-10 21:14:35'),('Saint-Joseph',38,731,'2024-02-10 21:14:35','2024-02-10 21:14:35'),('Dakar',39,732,'2024-02-10 21:14:35','2024-02-10 21:14:35'),('Louga',39,733,'2024-02-10 21:14:35','2024-02-10 21:14:35'),('Saint-Louis',39,734,'2024-02-10 21:14:35','2024-02-10 21:14:35'),('Kedougou',39,735,'2024-02-10 21:14:35','2024-02-10 21:14:35'),('Madina Kokoun',39,736,'2024-02-10 21:14:35','2024-02-10 21:14:35'),('Boussinki',39,737,'2024-02-10 21:14:35','2024-02-10 21:14:35'),('Kaolack',39,738,'2024-02-10 21:14:35','2024-02-10 21:14:35'),('Dodji',39,739,'2024-02-10 21:14:35','2024-02-10 21:14:35'),('Camberene',39,740,'2024-02-10 21:14:35','2024-02-10 21:14:35'),('Tanaf',39,741,'2024-02-10 21:14:35','2024-02-10 21:14:35'),('Sama',39,742,'2024-02-10 21:14:35','2024-02-10 21:14:35'),('Guediawaye',39,743,'2024-02-10 21:14:35','2024-02-10 21:14:35'),('Madina',40,744,'2024-02-10 21:14:35','2024-02-10 21:14:35'),('Momaligi',40,745,'2024-02-10 21:14:35','2024-02-10 21:14:35'),('Yana',40,746,'2024-02-10 21:14:35','2024-02-10 21:14:35'),('Port Loko',40,747,'2024-02-10 21:14:35','2024-02-10 21:14:35'),('Tongo',40,748,'2024-02-10 21:14:35','2024-02-10 21:14:35'),('Yengema',40,749,'2024-02-10 21:14:35','2024-02-10 21:14:35'),('Kalewa',40,750,'2024-02-10 21:14:35','2024-02-10 21:14:35'),('Kaima',40,751,'2024-02-10 21:14:35','2024-02-10 21:14:35'),('Njala',40,752,'2024-02-10 21:14:35','2024-02-10 21:14:35'),('Falaba',40,753,'2024-02-10 21:14:35','2024-02-10 21:14:35'),('Shenge',40,754,'2024-02-10 21:14:35','2024-02-10 21:14:35'),('Sumbaria',40,755,'2024-02-10 21:14:35','2024-02-10 21:14:35'),('Tumbu',40,756,'2024-02-10 21:14:35','2024-02-10 21:14:35'),('Gbinti',40,757,'2024-02-10 21:14:35','2024-02-10 21:14:35'),('Lungi',40,758,'2024-02-10 21:14:35','2024-02-10 21:14:35'),('Worodu',40,759,'2024-02-10 21:14:35','2024-02-10 21:14:35'),('Matru',40,760,'2024-02-10 21:14:35','2024-02-10 21:14:35'),('Koindu',40,761,'2024-02-10 21:14:35','2024-02-10 21:14:35'),('Mano',40,762,'2024-02-10 21:14:35','2024-02-10 21:14:35'),('Yele',40,763,'2024-02-10 21:14:35','2024-02-10 21:14:35'),('Yonibana',40,764,'2024-02-10 21:14:35','2024-02-10 21:14:35'),('Wangechi',40,765,'2024-02-10 21:14:35','2024-02-10 21:14:35'),('Sulima',40,766,'2024-02-10 21:14:35','2024-02-10 21:14:35'),('La Riviere Anglaise',41,767,'2024-02-10 21:14:35','2024-02-10 21:14:35'),('Grand\' Anse',41,768,'2024-02-10 21:14:35','2024-02-10 21:14:35'),('Takamaka',41,769,'2024-02-10 21:14:35','2024-02-10 21:14:35'),('Mont Buxton',41,770,'2024-02-10 21:14:35','2024-02-10 21:14:35'),('Baie Sainte Anne',41,771,'2024-02-10 21:14:35','2024-02-10 21:14:35'),('Anse Etoile',41,772,'2024-02-10 21:14:35','2024-02-10 21:14:35'),('Pointe La Rue',41,773,'2024-02-10 21:14:35','2024-02-10 21:14:35'),('Plaisance',41,774,'2024-02-10 21:14:35','2024-02-10 21:14:35'),('Bel Air',41,775,'2024-02-10 21:14:35','2024-02-10 21:14:35'),('Baie Lazare',41,776,'2024-02-10 21:14:35','2024-02-10 21:14:35'),('La Digue',41,777,'2024-02-10 21:14:35','2024-02-10 21:14:35'),('Saint Louis',41,778,'2024-02-10 21:14:35','2024-02-10 21:14:35'),('Port Glaud',41,779,'2024-02-10 21:14:35','2024-02-10 21:14:35'),('Anse Boileau',41,780,'2024-02-10 21:14:35','2024-02-10 21:14:35'),('Beau Vallon',41,781,'2024-02-10 21:14:35','2024-02-10 21:14:35'),('Anse aux Pins',41,782,'2024-02-10 21:14:35','2024-02-10 21:14:35'),('Anse Louis',41,783,'2024-02-10 21:14:35','2024-02-10 21:14:35'),('Glacis',41,784,'2024-02-10 21:14:35','2024-02-10 21:14:35'),('Bel Ombre',41,785,'2024-02-10 21:14:35','2024-02-10 21:14:35'),('Anse Royale',41,786,'2024-02-10 21:14:35','2024-02-10 21:14:35'),('Mont Fleuri',41,787,'2024-02-10 21:14:35','2024-02-10 21:14:35'),('Cascade',41,788,'2024-02-10 21:14:35','2024-02-10 21:14:35'),('Bay',42,789,'2024-02-10 21:14:35','2024-02-10 21:14:35'),('Shabeellaha Hoose',42,790,'2024-02-10 21:14:35','2024-02-10 21:14:35'),('Gedo',42,791,'2024-02-10 21:14:35','2024-02-10 21:14:35'),('Shabeellaha Dhexe',42,792,'2024-02-10 21:14:35','2024-02-10 21:14:35'),('Woqooyi Galbeed',42,793,'2024-02-10 21:14:35','2024-02-10 21:14:35'),('Jubbada Hoose',42,794,'2024-02-10 21:14:35','2024-02-10 21:14:35'),('Banaadir',42,795,'2024-02-10 21:14:35','2024-02-10 21:14:35'),('Awdal',42,796,'2024-02-10 21:14:35','2024-02-10 21:14:35'),('Nugaal',42,797,'2024-02-10 21:14:35','2024-02-10 21:14:35'),('Jubbada Dhexe',42,798,'2024-02-10 21:14:35','2024-02-10 21:14:35'),('Bari',42,799,'2024-02-10 21:14:35','2024-02-10 21:14:35'),('Bakool',42,800,'2024-02-10 21:14:35','2024-02-10 21:14:35'),('Hiiraan',42,801,'2024-02-10 21:14:35','2024-02-10 21:14:35'),('Sanaag',42,802,'2024-02-10 21:14:35','2024-02-10 21:14:35'),('Mudug',42,803,'2024-02-10 21:14:35','2024-02-10 21:14:35'),('Togdheer',42,804,'2024-02-10 21:14:35','2024-02-10 21:14:35'),('Sool',42,805,'2024-02-10 21:14:35','2024-02-10 21:14:35'),('Galguduud',42,806,'2024-02-10 21:14:35','2024-02-10 21:14:35'),('Atlantis',43,807,'2024-02-10 21:14:35','2024-02-10 21:14:35'),('Napier',43,808,'2024-02-10 21:14:35','2024-02-10 21:14:35'),('Umkomaas',43,809,'2024-02-10 21:14:35','2024-02-10 21:14:35'),('Mmabatho',43,810,'2024-02-10 21:14:35','2024-02-10 21:14:35'),('George',43,811,'2024-02-10 21:14:35','2024-02-10 21:14:35'),('Evander',43,812,'2024-02-10 21:14:35','2024-02-10 21:14:35'),('Groblersdal',43,813,'2024-02-10 21:14:35','2024-02-10 21:14:35'),('Parow',43,814,'2024-02-10 21:14:35','2024-02-10 21:14:35'),('Marshalltown',43,815,'2024-02-10 21:14:35','2024-02-10 21:14:35'),('Mobeni',43,816,'2024-02-10 21:14:35','2024-02-10 21:14:35'),('Randburg',43,817,'2024-02-10 21:14:35','2024-02-10 21:14:35'),('Medunsa',43,818,'2024-02-10 21:14:35','2024-02-10 21:14:35'),('Newcastle',43,819,'2024-02-10 21:14:35','2024-02-10 21:14:35'),('Carletonville',43,820,'2024-02-10 21:14:35','2024-02-10 21:14:35'),('Worcester',43,821,'2024-02-10 21:14:35','2024-02-10 21:14:35'),('Milnerton',43,822,'2024-02-10 21:14:35','2024-02-10 21:14:35'),('Kingsley',43,823,'2024-02-10 21:14:35','2024-02-10 21:14:35'),('Gansbaai',43,824,'2024-02-10 21:14:35','2024-02-10 21:14:35'),('Rhodes',43,825,'2024-02-10 21:14:35','2024-02-10 21:14:35'),('Dube Location',43,826,'2024-02-10 21:14:35','2024-02-10 21:14:35'),('Bathurst',43,827,'2024-02-10 21:14:35','2024-02-10 21:14:35'),('Prieska',43,828,'2024-02-10 21:14:35','2024-02-10 21:14:35'),('Elandsfontein',43,829,'2024-02-10 21:14:35','2024-02-10 21:14:35'),('Phalaborwa',43,830,'2024-02-10 21:14:35','2024-02-10 21:14:35'),('Lutzville',43,831,'2024-02-10 21:14:35','2024-02-10 21:14:35'),('The Rest',43,832,'2024-02-10 21:14:35','2024-02-10 21:14:35'),('Henley on Klip',43,833,'2024-02-10 21:14:35','2024-02-10 21:14:35'),('Senekal',43,834,'2024-02-10 21:14:35','2024-02-10 21:14:35'),('Philadelphia',43,835,'2024-02-10 21:14:35','2024-02-10 21:14:35'),('Philipstown',43,836,'2024-02-10 21:14:35','2024-02-10 21:14:35'),('Queensburgh',43,837,'2024-02-10 21:14:35','2024-02-10 21:14:35'),('Lombardy East',43,838,'2024-02-10 21:14:35','2024-02-10 21:14:35'),('Onderstepoort',43,839,'2024-02-10 21:14:35','2024-02-10 21:14:35'),('Lynnwood',43,840,'2024-02-10 21:14:35','2024-02-10 21:14:35'),('Monument Park',43,841,'2024-02-10 21:14:35','2024-02-10 21:14:35'),('Brackenfell',43,842,'2024-02-10 21:14:35','2024-02-10 21:14:35'),('Plettenberg Bay',43,843,'2024-02-10 21:14:35','2024-02-10 21:14:35'),('Hatfield',43,844,'2024-02-10 21:14:35','2024-02-10 21:14:35'),('Katlehong',43,845,'2024-02-10 21:14:35','2024-02-10 21:14:35'),('Despatch',43,846,'2024-02-10 21:14:35','2024-02-10 21:14:35'),('Sedgefield',43,847,'2024-02-10 21:14:35','2024-02-10 21:14:35'),('Saldanha',43,848,'2024-02-10 21:14:35','2024-02-10 21:14:35'),('Rooigrond',43,849,'2024-02-10 21:14:35','2024-02-10 21:14:35'),('Weltevreedenpark',43,850,'2024-02-10 21:14:35','2024-02-10 21:14:35'),('Fordsburg',43,851,'2024-02-10 21:14:35','2024-02-10 21:14:35'),('Braamfontein',43,852,'2024-02-10 21:14:35','2024-02-10 21:14:35'),('Randfontein',43,853,'2024-02-10 21:14:35','2024-02-10 21:14:35'),('Hekpoort',43,854,'2024-02-10 21:14:35','2024-02-10 21:14:35'),('Saint James',43,855,'2024-02-10 21:14:35','2024-02-10 21:14:35'),('Walkerville',43,856,'2024-02-10 21:14:35','2024-02-10 21:14:35'),('Houghton Estate',43,857,'2024-02-10 21:14:35','2024-02-10 21:14:35'),('Elsenburg',43,858,'2024-02-10 21:14:35','2024-02-10 21:14:35'),('Somerset West',43,859,'2024-02-10 21:14:35','2024-02-10 21:14:35'),('Empangeni',43,860,'2024-02-10 21:14:35','2024-02-10 21:14:35'),('Alice',43,861,'2024-02-10 21:14:35','2024-02-10 21:14:35'),('Bothasig',43,862,'2024-02-10 21:14:35','2024-02-10 21:14:35'),('Olifantsfontein',43,863,'2024-02-10 21:14:35','2024-02-10 21:14:35'),('Dundee',43,864,'2024-02-10 21:14:35','2024-02-10 21:14:35'),('Kokstad',43,865,'2024-02-10 21:14:35','2024-02-10 21:14:35'),('Gezina',43,866,'2024-02-10 21:14:35','2024-02-10 21:14:35'),('Parktown',43,867,'2024-02-10 21:14:35','2024-02-10 21:14:35'),('KwaDukuza',43,868,'2024-02-10 21:14:35','2024-02-10 21:14:35'),('Three Anchor Bay',43,869,'2024-02-10 21:14:35','2024-02-10 21:14:35'),('Krugersdorp',43,870,'2024-02-10 21:14:35','2024-02-10 21:14:35'),('Verulam',43,871,'2024-02-10 21:14:35','2024-02-10 21:14:35'),('Thohoyandou',43,872,'2024-02-10 21:14:35','2024-02-10 21:14:35'),('Thabazimbi',43,873,'2024-02-10 21:14:35','2024-02-10 21:14:35'),('Villiersdorp',43,874,'2024-02-10 21:14:35','2024-02-10 21:14:35'),('Messina',43,875,'2024-02-10 21:14:35','2024-02-10 21:14:35'),('Bethlehem',43,876,'2024-02-10 21:14:35','2024-02-10 21:14:35'),('Buffalo',43,877,'2024-02-10 21:14:35','2024-02-10 21:14:35'),('Beaufort West',43,878,'2024-02-10 21:14:35','2024-02-10 21:14:35'),('Kalkbaai',43,879,'2024-02-10 21:14:35','2024-02-10 21:14:35'),('Irene',43,880,'2024-02-10 21:14:35','2024-02-10 21:14:35'),('Stanford',43,881,'2024-02-10 21:14:35','2024-02-10 21:14:35'),('Mooi River',43,882,'2024-02-10 21:14:35','2024-02-10 21:14:35'),('Kempton Park',43,883,'2024-02-10 21:14:35','2024-02-10 21:14:35'),('Butterworth',43,884,'2024-02-10 21:14:35','2024-02-10 21:14:35'),('Brooklyn',43,885,'2024-02-10 21:14:35','2024-02-10 21:14:35'),('Balfour',43,886,'2024-02-10 21:14:35','2024-02-10 21:14:35'),('Haenertsburg',43,887,'2024-02-10 21:14:35','2024-02-10 21:14:35'),('Edenvale',43,888,'2024-02-10 21:14:35','2024-02-10 21:14:35'),('Welgelegen',43,889,'2024-02-10 21:14:35','2024-02-10 21:14:35'),('Durbanville',43,890,'2024-02-10 21:14:35','2024-02-10 21:14:35'),('Mokopane',43,891,'2024-02-10 21:14:35','2024-02-10 21:14:35'),('Doornfontein',43,892,'2024-02-10 21:14:35','2024-02-10 21:14:35'),('Claremont',43,893,'2024-02-10 21:14:35','2024-02-10 21:14:35'),('Newlands',43,894,'2024-02-10 21:14:35','2024-02-10 21:14:35'),('Hout Bay',43,895,'2024-02-10 21:14:35','2024-02-10 21:14:35'),('Kranskop',43,896,'2024-02-10 21:14:35','2024-02-10 21:14:35'),('Kuils River',43,897,'2024-02-10 21:14:35','2024-02-10 21:14:35'),('Majuba',43,898,'2024-02-10 21:14:35','2024-02-10 21:14:35'),('Walmer Heights',43,899,'2024-02-10 21:14:35','2024-02-10 21:14:35'),('Alrode',43,900,'2024-02-10 21:14:35','2024-02-10 21:14:35'),('Hyde Park',43,901,'2024-02-10 21:14:35','2024-02-10 21:14:35'),('Erasmia',43,902,'2024-02-10 21:14:35','2024-02-10 21:14:35'),('Standerton',43,903,'2024-02-10 21:14:35','2024-02-10 21:14:35'),('Benoni',43,904,'2024-02-10 21:14:35','2024-02-10 21:14:35'),('Louis Trichardt',43,905,'2024-02-10 21:14:35','2024-02-10 21:14:35'),('Isando',43,906,'2024-02-10 21:14:35','2024-02-10 21:14:35'),('Sabie',43,907,'2024-02-10 21:14:35','2024-02-10 21:14:35'),('Bergvliet',43,908,'2024-02-10 21:14:35','2024-02-10 21:14:35'),('Saint Helena Bay',43,909,'2024-02-10 21:14:35','2024-02-10 21:14:35'),('Ottosdal',43,910,'2024-02-10 21:14:35','2024-02-10 21:14:35'),('Greytown',43,911,'2024-02-10 21:14:35','2024-02-10 21:14:35'),('Hillcrest',43,912,'2024-02-10 21:14:35','2024-02-10 21:14:35'),('Laudium',43,913,'2024-02-10 21:14:35','2024-02-10 21:14:35'),('Peninsula',43,914,'2024-02-10 21:14:36','2024-02-10 21:14:36'),('Shelly Beach',43,915,'2024-02-10 21:14:36','2024-02-10 21:14:36'),('Malmesbury',43,916,'2024-02-10 21:14:36','2024-02-10 21:14:36'),('Salt Rock',43,917,'2024-02-10 21:14:36','2024-02-10 21:14:36'),('Ashton',43,918,'2024-02-10 21:14:36','2024-02-10 21:14:36'),('Rosettenville',43,919,'2024-02-10 21:14:36','2024-02-10 21:14:36'),('Kingsmead',43,920,'2024-02-10 21:14:36','2024-02-10 21:14:36'),('Virginia',43,921,'2024-02-10 21:14:36','2024-02-10 21:14:36'),('Pretoria',43,922,'2024-02-10 21:14:36','2024-02-10 21:14:36'),('Kingsborough',43,923,'2024-02-10 21:14:36','2024-02-10 21:14:36'),('Wynberg',43,924,'2024-02-10 21:14:36','2024-02-10 21:14:36'),('Himeville',43,925,'2024-02-10 21:14:36','2024-02-10 21:14:36'),('Lansdowne',43,926,'2024-02-10 21:14:36','2024-02-10 21:14:36'),('Roggebaai',43,927,'2024-02-10 21:14:36','2024-02-10 21:14:36'),('Nigel',43,928,'2024-02-10 21:14:36','2024-02-10 21:14:36'),('Kleinmond',43,929,'2024-02-10 21:14:36','2024-02-10 21:14:36'),('Hartbeespoort',43,930,'2024-02-10 21:14:36','2024-02-10 21:14:36'),('Pinelands',43,931,'2024-02-10 21:14:36','2024-02-10 21:14:36'),('Westville',43,932,'2024-02-10 21:14:36','2024-02-10 21:14:36'),('Gillitts',43,933,'2024-02-10 21:14:36','2024-02-10 21:14:36'),('Merrivale',43,934,'2024-02-10 21:14:36','2024-02-10 21:14:36'),('Onverwacht',43,935,'2024-02-10 21:14:36','2024-02-10 21:14:36'),('Glen Austin',43,936,'2024-02-10 21:14:36','2024-02-10 21:14:36'),('Bryanston',43,937,'2024-02-10 21:14:36','2024-02-10 21:14:36'),('Parkview',43,938,'2024-02-10 21:14:36','2024-02-10 21:14:36'),('Boksburg',43,939,'2024-02-10 21:14:36','2024-02-10 21:14:36'),('Northcliff',43,940,'2024-02-10 21:14:36','2024-02-10 21:14:36'),('Scottburgh',43,941,'2024-02-10 21:14:36','2024-02-10 21:14:36'),('Temba',43,942,'2024-02-10 21:14:36','2024-02-10 21:14:36'),('Elarduspark',43,943,'2024-02-10 21:14:36','2024-02-10 21:14:36'),('Margate',43,944,'2024-02-10 21:14:36','2024-02-10 21:14:36'),('Rivonia',43,945,'2024-02-10 21:14:36','2024-02-10 21:14:36'),('Wellington',43,946,'2024-02-10 21:14:36','2024-02-10 21:14:36'),('Ogies',43,947,'2024-02-10 21:14:36','2024-02-10 21:14:36'),('Lichtenburg',43,948,'2024-02-10 21:14:36','2024-02-10 21:14:36'),('London',43,949,'2024-02-10 21:14:36','2024-02-10 21:14:36'),('Polokwane',43,950,'2024-02-10 21:14:36','2024-02-10 21:14:36'),('Vryheid',43,951,'2024-02-10 21:14:36','2024-02-10 21:14:36'),('Grabouw',43,952,'2024-02-10 21:14:36','2024-02-10 21:14:36'),('Hoedspruit',43,953,'2024-02-10 21:14:36','2024-02-10 21:14:36'),('Tembisa',43,954,'2024-02-10 21:14:36','2024-02-10 21:14:36'),('Kraaifontein',43,955,'2024-02-10 21:14:36','2024-02-10 21:14:36'),('Mthatha',43,956,'2024-02-10 21:14:36','2024-02-10 21:14:36'),('Carolina',43,957,'2024-02-10 21:14:36','2024-02-10 21:14:36'),('De Aar',43,958,'2024-02-10 21:14:36','2024-02-10 21:14:36'),('Vredenburg',43,959,'2024-02-10 21:14:36','2024-02-10 21:14:36'),('Stilfontein',43,960,'2024-02-10 21:14:36','2024-02-10 21:14:36'),('Wilderness',43,961,'2024-02-10 21:14:36','2024-02-10 21:14:36'),('Machadodorp',43,962,'2024-02-10 21:14:36','2024-02-10 21:14:36'),('Duiwelskloof',43,963,'2024-02-10 21:14:36','2024-02-10 21:14:36'),('Gingindlovu',43,964,'2024-02-10 21:14:36','2024-02-10 21:14:36'),('Witpoortjie',43,965,'2024-02-10 21:14:36','2024-02-10 21:14:36'),('Strand',43,966,'2024-02-10 21:14:36','2024-02-10 21:14:36'),('White River',43,967,'2024-02-10 21:14:36','2024-02-10 21:14:36'),('Sasolburg',43,968,'2024-02-10 21:14:36','2024-02-10 21:14:36'),('Bedfordview',43,969,'2024-02-10 21:14:36','2024-02-10 21:14:36'),('Hartenbos',43,970,'2024-02-10 21:14:36','2024-02-10 21:14:36'),('Rosebank',43,971,'2024-02-10 21:14:36','2024-02-10 21:14:36'),('Lydenburg',43,972,'2024-02-10 21:14:36','2024-02-10 21:14:36'),('Ganspan',43,973,'2024-02-10 21:14:36','2024-02-10 21:14:36'),('Moorreesburg',43,974,'2024-02-10 21:14:36','2024-02-10 21:14:36'),('Maraisburg',43,975,'2024-02-10 21:14:36','2024-02-10 21:14:36'),('Warner Beach',43,976,'2024-02-10 21:14:36','2024-02-10 21:14:36'),('Pongola',43,977,'2024-02-10 21:14:36','2024-02-10 21:14:36'),('Morningside Manor',43,978,'2024-02-10 21:14:36','2024-02-10 21:14:36'),('Rustenburg',43,979,'2024-02-10 21:14:36','2024-02-10 21:14:36'),('Clanwilliam',43,980,'2024-02-10 21:14:36','2024-02-10 21:14:36'),('Riebeek-Kasteel',43,981,'2024-02-10 21:14:36','2024-02-10 21:14:36'),('Oranjezicht',43,982,'2024-02-10 21:14:36','2024-02-10 21:14:36'),('East London',43,983,'2024-02-10 21:14:36','2024-02-10 21:14:36'),('Rawsonville',43,984,'2024-02-10 21:14:36','2024-02-10 21:14:36'),('Alberton',43,985,'2024-02-10 21:14:36','2024-02-10 21:14:36'),('Schweizer-Reneke',43,986,'2024-02-10 21:14:36','2024-02-10 21:14:36'),('Bellville',43,987,'2024-02-10 21:14:36','2024-02-10 21:14:36'),('Germiston',43,988,'2024-02-10 21:14:36','2024-02-10 21:14:36'),('Brits',43,989,'2024-02-10 21:14:36','2024-02-10 21:14:36'),('Bredasdorp',43,990,'2024-02-10 21:14:36','2024-02-10 21:14:36'),('Winterton',43,991,'2024-02-10 21:14:36','2024-02-10 21:14:36'),('La Lucia',43,992,'2024-02-10 21:14:36','2024-02-10 21:14:36'),('Queenswood',43,993,'2024-02-10 21:14:36','2024-02-10 21:14:36'),('Wartburg',43,994,'2024-02-10 21:14:36','2024-02-10 21:14:36'),('Kinross',43,995,'2024-02-10 21:14:36','2024-02-10 21:14:36'),('Belhar',43,996,'2024-02-10 21:14:36','2024-02-10 21:14:36'),('Dullstroom',43,997,'2024-02-10 21:14:36','2024-02-10 21:14:36'),('Tongaat',43,998,'2024-02-10 21:14:36','2024-02-10 21:14:36'),('Kloof',43,999,'2024-02-10 21:14:36','2024-02-10 21:14:36'),('Panorama',43,1000,'2024-02-10 21:14:36','2024-02-10 21:14:36'),('Amanzimtoti',43,1001,'2024-02-10 21:14:36','2024-02-10 21:14:36'),('Welgemoed',43,1002,'2024-02-10 21:14:36','2024-02-10 21:14:36'),('New Germany',43,1003,'2024-02-10 21:14:36','2024-02-10 21:14:36'),('Rosslyn',43,1004,'2024-02-10 21:14:36','2024-02-10 21:14:36'),('Coega',43,1005,'2024-02-10 21:14:36','2024-02-10 21:14:36'),('Primrose',43,1006,'2024-02-10 21:14:36','2024-02-10 21:14:36'),('Brakpan',43,1007,'2024-02-10 21:14:36','2024-02-10 21:14:36'),('La Motte',43,1008,'2024-02-10 21:14:36','2024-02-10 21:14:36'),('Johannesburg',43,1009,'2024-02-10 21:14:36','2024-02-10 21:14:36'),('Pietermaritzburg',43,1010,'2024-02-10 21:14:36','2024-02-10 21:14:36'),('Waverley',43,1011,'2024-02-10 21:14:36','2024-02-10 21:14:36'),('Port Alfred',43,1012,'2024-02-10 21:14:36','2024-02-10 21:14:36'),('Ixopo',43,1013,'2024-02-10 21:14:36','2024-02-10 21:14:36'),('Deneysville',43,1014,'2024-02-10 21:14:36','2024-02-10 21:14:36'),('Springs',43,1015,'2024-02-10 21:14:36','2024-02-10 21:14:36'),('Goodwood',43,1016,'2024-02-10 21:14:36','2024-02-10 21:14:36'),('Franschhoek',43,1017,'2024-02-10 21:14:36','2024-02-10 21:14:36'),('Cullinan',43,1018,'2024-02-10 21:14:36','2024-02-10 21:14:36'),('Secunda',43,1019,'2024-02-10 21:14:36','2024-02-10 21:14:36'),('Weltevreden',43,1020,'2024-02-10 21:14:36','2024-02-10 21:14:36'),('Witbank',43,1021,'2024-02-10 21:14:36','2024-02-10 21:14:36'),('Port Elizabeth',43,1022,'2024-02-10 21:14:36','2024-02-10 21:14:36'),('Hazyview',43,1023,'2024-02-10 21:14:36','2024-02-10 21:14:36'),('Meadowridge',43,1024,'2024-02-10 21:14:36','2024-02-10 21:14:36'),('Overport',43,1025,'2024-02-10 21:14:36','2024-02-10 21:14:36'),('Eersterivier',43,1026,'2024-02-10 21:14:36','2024-02-10 21:14:36'),('Uitenhage',43,1027,'2024-02-10 21:14:36','2024-02-10 21:14:36'),('Umbogintwini',43,1028,'2024-02-10 21:14:36','2024-02-10 21:14:36'),('Coligny',43,1029,'2024-02-10 21:14:36','2024-02-10 21:14:36'),('Vanderbijlpark',43,1030,'2024-02-10 21:14:36','2024-02-10 21:14:36'),('Muizenberg',43,1031,'2024-02-10 21:14:36','2024-02-10 21:14:36'),('Ermelo',43,1032,'2024-02-10 21:14:36','2024-02-10 21:14:36'),('Grahamstown',43,1033,'2024-02-10 21:14:36','2024-02-10 21:14:36'),('Midrand',43,1034,'2024-02-10 21:14:36','2024-02-10 21:14:36'),('Pringle Bay',43,1035,'2024-02-10 21:14:36','2024-02-10 21:14:36'),('Paarl',43,1036,'2024-02-10 21:14:36','2024-02-10 21:14:36'),('Lyndhurst',43,1037,'2024-02-10 21:14:36','2024-02-10 21:14:36'),('Vosloorus',43,1038,'2024-02-10 21:14:36','2024-02-10 21:14:36'),('Botshabelo',43,1039,'2024-02-10 21:14:36','2024-02-10 21:14:36'),('Klerksdorp',43,1040,'2024-02-10 21:14:36','2024-02-10 21:14:36'),('Kriel',43,1041,'2024-02-10 21:14:36','2024-02-10 21:14:36'),('Vrededorp',43,1042,'2024-02-10 21:14:36','2024-02-10 21:14:36'),('Upington',43,1043,'2024-02-10 21:14:36','2024-02-10 21:14:36'),('Capital Park',43,1044,'2024-02-10 21:14:36','2024-02-10 21:14:36'),('Umhlanga',43,1045,'2024-02-10 21:14:36','2024-02-10 21:14:36'),('Silverton',43,1046,'2024-02-10 21:14:36','2024-02-10 21:14:36'),('Welkom',43,1047,'2024-02-10 21:14:36','2024-02-10 21:14:36'),('Emerald Hill',43,1048,'2024-02-10 21:14:36','2024-02-10 21:14:36'),('Hartswater',43,1049,'2024-02-10 21:14:36','2024-02-10 21:14:36'),('Tokai',43,1050,'2024-02-10 21:14:36','2024-02-10 21:14:36'),('Nelspruit',43,1051,'2024-02-10 21:14:36','2024-02-10 21:14:36'),('Bloemfontein',43,1052,'2024-02-10 21:14:36','2024-02-10 21:14:36'),('Kimberley',43,1053,'2024-02-10 21:14:36','2024-02-10 21:14:36'),('Oudtshoorn',43,1054,'2024-02-10 21:14:36','2024-02-10 21:14:36'),('Mafikeng',43,1055,'2024-02-10 21:14:36','2024-02-10 21:14:36'),('Phokeng',43,1056,'2024-02-10 21:14:36','2024-02-10 21:14:36'),('Centurion',43,1057,'2024-02-10 21:14:36','2024-02-10 21:14:36'),('Florida Glen',43,1058,'2024-02-10 21:14:36','2024-02-10 21:14:36'),('Roodepoort',43,1059,'2024-02-10 21:14:36','2024-02-10 21:14:36'),('Oranjeville',43,1060,'2024-02-10 21:14:36','2024-02-10 21:14:36'),('Vereeniging',43,1061,'2024-02-10 21:14:36','2024-02-10 21:14:36'),('Maidstone',43,1062,'2024-02-10 21:14:36','2024-02-10 21:14:36'),('Vaalpark',43,1063,'2024-02-10 21:14:36','2024-02-10 21:14:36'),('Sebokeng',43,1064,'2024-02-10 21:14:36','2024-02-10 21:14:36'),('Lephalale',43,1065,'2024-02-10 21:14:36','2024-02-10 21:14:36'),('Tzaneen',43,1066,'2024-02-10 21:14:36','2024-02-10 21:14:36'),('Cape Town',43,1067,'2024-02-10 21:14:36','2024-02-10 21:14:36'),('Pinetown',43,1068,'2024-02-10 21:14:36','2024-02-10 21:14:36'),('Mount Edgecombe',43,1069,'2024-02-10 21:14:36','2024-02-10 21:14:36'),('Sun Valley',43,1070,'2024-02-10 21:14:36','2024-02-10 21:14:36'),('Westonaria',43,1071,'2024-02-10 21:14:36','2024-02-10 21:14:36'),('Stellenbosch',43,1072,'2024-02-10 21:14:36','2024-02-10 21:14:36'),('Umdloti',43,1073,'2024-02-10 21:14:36','2024-02-10 21:14:36'),('Rooihuiskraal',43,1074,'2024-02-10 21:14:36','2024-02-10 21:14:36'),('Phoenix',43,1075,'2024-02-10 21:14:36','2024-02-10 21:14:36'),('Swartkops',43,1076,'2024-02-10 21:14:36','2024-02-10 21:14:36'),('Middelburg',43,1077,'2024-02-10 21:14:36','2024-02-10 21:14:36'),('Harrismith',43,1078,'2024-02-10 21:14:36','2024-02-10 21:14:36'),('Sandton',43,1079,'2024-02-10 21:14:36','2024-02-10 21:14:36'),('Richmond',43,1080,'2024-02-10 21:14:36','2024-02-10 21:14:36'),('Mookgophong',43,1081,'2024-02-10 21:14:36','2024-02-10 21:14:36'),('Odendaalsrus',43,1082,'2024-02-10 21:14:36','2024-02-10 21:14:36'),('Bronkhorstspruit',43,1083,'2024-02-10 21:14:36','2024-02-10 21:14:36'),('Heidelberg',43,1084,'2024-02-10 21:14:36','2024-02-10 21:14:36'),('Wonderboom',43,1085,'2024-02-10 21:14:36','2024-02-10 21:14:36'),('Faure',43,1086,'2024-02-10 21:14:36','2024-02-10 21:14:36'),('Constantia',43,1087,'2024-02-10 21:14:36','2024-02-10 21:14:36'),('Edenburg',43,1088,'2024-02-10 21:14:36','2024-02-10 21:14:36'),('Vaalbank',43,1089,'2024-02-10 21:14:36','2024-02-10 21:14:36'),('Howick',43,1090,'2024-02-10 21:14:36','2024-02-10 21:14:36'),('Soweto',43,1091,'2024-02-10 21:14:36','2024-02-10 21:14:36'),('Sandown',43,1092,'2024-02-10 21:14:36','2024-02-10 21:14:36'),('Emnambithi-Ladysmith',43,1093,'2024-02-10 21:14:36','2024-02-10 21:14:36'),('Fochville',43,1094,'2024-02-10 21:14:36','2024-02-10 21:14:36'),('Bethal',43,1095,'2024-02-10 21:14:36','2024-02-10 21:14:36'),('Kroonstad',43,1096,'2024-02-10 21:14:36','2024-02-10 21:14:36'),('Port Shepstone',43,1097,'2024-02-10 21:14:36','2024-02-10 21:14:36'),('Fort Cox',43,1098,'2024-02-10 21:14:36','2024-02-10 21:14:36'),('Hluhluwe',43,1099,'2024-02-10 21:14:36','2024-02-10 21:14:36'),('Hilton',43,1100,'2024-02-10 21:14:36','2024-02-10 21:14:36'),('Mossel Bay',43,1101,'2024-02-10 21:14:36','2024-02-10 21:14:36'),('Malvern',43,1102,'2024-02-10 21:14:36','2024-02-10 21:14:36'),('Montagu',43,1103,'2024-02-10 21:14:36','2024-02-10 21:14:36'),('Elsburg',43,1104,'2024-02-10 21:14:36','2024-02-10 21:14:36'),('Eshowe',43,1105,'2024-02-10 21:14:36','2024-02-10 21:14:36'),('Hermanus',43,1106,'2024-02-10 21:14:36','2024-02-10 21:14:36'),('Three Rivers',43,1107,'2024-02-10 21:14:36','2024-02-10 21:14:36'),('Durban',43,1108,'2024-02-10 21:14:36','2024-02-10 21:14:36'),('Richards Bay',43,1109,'2024-02-10 21:14:36','2024-02-10 21:14:36'),('City of Cape Town',43,1110,'2024-02-10 21:14:36','2024-02-10 21:14:36'),('Craighall',43,1111,'2024-02-10 21:14:36','2024-02-10 21:14:36'),('Hogsback',43,1112,'2024-02-10 21:14:36','2024-02-10 21:14:36'),('Lyttelton',43,1113,'2024-02-10 21:14:36','2024-02-10 21:14:36'),('Eloff',43,1114,'2024-02-10 21:14:36','2024-02-10 21:14:36'),('Delmas',43,1115,'2024-02-10 21:14:36','2024-02-10 21:14:36'),('Sinoville',43,1116,'2024-02-10 21:14:36','2024-02-10 21:14:36'),('Plumstead',43,1117,'2024-02-10 21:14:36','2024-02-10 21:14:36'),('Humansdorp',43,1118,'2024-02-10 21:14:36','2024-02-10 21:14:36'),('Queenstown',43,1119,'2024-02-10 21:14:36','2024-02-10 21:14:36'),('Melkbosstrand',43,1120,'2024-02-10 21:14:36','2024-02-10 21:14:36'),('Knysna',43,1121,'2024-02-10 21:14:36','2024-02-10 21:14:36'),('Graaff Reinet',43,1122,'2024-02-10 21:14:36','2024-02-10 21:14:36'),('Hawston',43,1123,'2024-02-10 21:14:36','2024-02-10 21:14:36'),('Soshanguve',43,1124,'2024-02-10 21:14:36','2024-02-10 21:14:36'),('Ladybrand',43,1125,'2024-02-10 21:14:36','2024-02-10 21:14:36'),('Potchefstroom',43,1126,'2024-02-10 21:14:36','2024-02-10 21:14:36'),('Umtentweni',43,1127,'2024-02-10 21:14:36','2024-02-10 21:14:36'),('Modderfontein',43,1128,'2024-02-10 21:14:36','2024-02-10 21:14:36'),('Hennenman',43,1129,'2024-02-10 21:14:36','2024-02-10 21:14:36'),('Meyerton',43,1130,'2024-02-10 21:14:36','2024-02-10 21:14:36'),('Zeerust',43,1131,'2024-02-10 21:14:36','2024-02-10 21:14:36'),('Umm Durman',44,1132,'2024-02-10 21:14:36','2024-02-10 21:14:36'),('Shendi',44,1133,'2024-02-10 21:14:37','2024-02-10 21:14:37'),('Nyala',44,1134,'2024-02-10 21:14:37','2024-02-10 21:14:37'),('Kassala',44,1135,'2024-02-10 21:14:37','2024-02-10 21:14:37'),('Thabit',44,1136,'2024-02-10 21:14:37','2024-02-10 21:14:37'),('Khartoum',44,1137,'2024-02-10 21:14:37','2024-02-10 21:14:37'),('Dar es Salaam',45,1138,'2024-02-10 21:14:37','2024-02-10 21:14:37'),('Tanga',45,1139,'2024-02-10 21:14:37','2024-02-10 21:14:37'),('Zanzibar',45,1140,'2024-02-10 21:14:37','2024-02-10 21:14:37'),('Raha',45,1141,'2024-02-10 21:14:37','2024-02-10 21:14:37'),('Njombe',45,1142,'2024-02-10 21:14:37','2024-02-10 21:14:37'),('Bukoba',45,1143,'2024-02-10 21:14:37','2024-02-10 21:14:37'),('Arusha',45,1144,'2024-02-10 21:14:37','2024-02-10 21:14:37'),('Morogoro',45,1145,'2024-02-10 21:14:37','2024-02-10 21:14:37'),('Dodoma',45,1146,'2024-02-10 21:14:37','2024-02-10 21:14:37'),('Mwanza',45,1147,'2024-02-10 21:14:37','2024-02-10 21:14:37'),('Plateaux',46,1148,'2024-02-10 21:14:37','2024-02-10 21:14:37'),('Savanes',46,1149,'2024-02-10 21:14:37','2024-02-10 21:14:37'),('Kara',46,1150,'2024-02-10 21:14:37','2024-02-10 21:14:37'),('Centrale',46,1151,'2024-02-10 21:14:37','2024-02-10 21:14:37'),('Maritime',46,1152,'2024-02-10 21:14:37','2024-02-10 21:14:37'),('Sfax',47,1153,'2024-02-10 21:14:37','2024-02-10 21:14:37'),('Gafsa',47,1154,'2024-02-10 21:14:37','2024-02-10 21:14:37'),('Beja',47,1155,'2024-02-10 21:14:37','2024-02-10 21:14:37'),('Monastir',47,1156,'2024-02-10 21:14:37','2024-02-10 21:14:37'),('Sidi Bouzid',47,1157,'2024-02-10 21:14:37','2024-02-10 21:14:37'),('Tunis',47,1158,'2024-02-10 21:14:37','2024-02-10 21:14:37'),('Manouba',47,1159,'2024-02-10 21:14:37','2024-02-10 21:14:37'),('Le Bardo',47,1160,'2024-02-10 21:14:37','2024-02-10 21:14:37'),('Sousse',47,1161,'2024-02-10 21:14:37','2024-02-10 21:14:37'),('Ariana',47,1162,'2024-02-10 21:14:37','2024-02-10 21:14:37'),('Hammamet',47,1163,'2024-02-10 21:14:37','2024-02-10 21:14:37'),('Rades',47,1164,'2024-02-10 21:14:37','2024-02-10 21:14:37'),('Masindi',48,1165,'2024-02-10 21:14:37','2024-02-10 21:14:37'),('Ntungamo',48,1166,'2024-02-10 21:14:37','2024-02-10 21:14:37'),('Mbarara',48,1167,'2024-02-10 21:14:37','2024-02-10 21:14:37'),('Moroto',48,1168,'2024-02-10 21:14:37','2024-02-10 21:14:37'),('Sironko',48,1169,'2024-02-10 21:14:37','2024-02-10 21:14:37'),('Mpigi',48,1170,'2024-02-10 21:14:37','2024-02-10 21:14:37'),('Lira',48,1171,'2024-02-10 21:14:37','2024-02-10 21:14:37'),('Bundibugyo',48,1172,'2024-02-10 21:14:37','2024-02-10 21:14:37'),('Kayunga',48,1173,'2024-02-10 21:14:37','2024-02-10 21:14:37'),('Pader',48,1174,'2024-02-10 21:14:37','2024-02-10 21:14:37'),('Moyo',48,1175,'2024-02-10 21:14:37','2024-02-10 21:14:37'),('Kabarole',48,1176,'2024-02-10 21:14:37','2024-02-10 21:14:37'),('Sembabule',48,1177,'2024-02-10 21:14:37','2024-02-10 21:14:37'),('Wakiso',48,1178,'2024-02-10 21:14:37','2024-02-10 21:14:37'),('Kamuli',48,1179,'2024-02-10 21:14:37','2024-02-10 21:14:37'),('Mbale',48,1180,'2024-02-10 21:14:37','2024-02-10 21:14:37'),('Kapchorwa',48,1181,'2024-02-10 21:14:37','2024-02-10 21:14:37'),('Kibale',48,1182,'2024-02-10 21:14:37','2024-02-10 21:14:37'),('Yumbe',48,1183,'2024-02-10 21:14:37','2024-02-10 21:14:37'),('Arua',48,1184,'2024-02-10 21:14:37','2024-02-10 21:14:37'),('Luwero',48,1185,'2024-02-10 21:14:37','2024-02-10 21:14:37'),('Mukono',48,1186,'2024-02-10 21:14:37','2024-02-10 21:14:37'),('Rakai',48,1187,'2024-02-10 21:14:37','2024-02-10 21:14:37'),('Hoima',48,1188,'2024-02-10 21:14:37','2024-02-10 21:14:37'),('Katakwi',48,1189,'2024-02-10 21:14:37','2024-02-10 21:14:37'),('Mubende',48,1190,'2024-02-10 21:14:37','2024-02-10 21:14:37'),('Kumi',48,1191,'2024-02-10 21:14:37','2024-02-10 21:14:37'),('Pallisa',48,1192,'2024-02-10 21:14:37','2024-02-10 21:14:37'),('Kampala',48,1193,'2024-02-10 21:14:37','2024-02-10 21:14:37'),('Busia',48,1194,'2024-02-10 21:14:37','2024-02-10 21:14:37'),('Kaberamaido',48,1195,'2024-02-10 21:14:37','2024-02-10 21:14:37'),('Kiboga',48,1196,'2024-02-10 21:14:37','2024-02-10 21:14:37'),('Mayuge',48,1197,'2024-02-10 21:14:37','2024-02-10 21:14:37'),('Kamwenge',48,1198,'2024-02-10 21:14:37','2024-02-10 21:14:37'),('Bushenyi',48,1199,'2024-02-10 21:14:37','2024-02-10 21:14:37'),('Nakapiripirit',48,1200,'2024-02-10 21:14:37','2024-02-10 21:14:37'),('Kitgum',48,1201,'2024-02-10 21:14:37','2024-02-10 21:14:37'),('Bugiri',48,1202,'2024-02-10 21:14:37','2024-02-10 21:14:37'),('Iganga',48,1203,'2024-02-10 21:14:37','2024-02-10 21:14:37'),('Kasese',48,1204,'2024-02-10 21:14:37','2024-02-10 21:14:37'),('Kabale',48,1205,'2024-02-10 21:14:37','2024-02-10 21:14:37'),('Kisoro',48,1206,'2024-02-10 21:14:37','2024-02-10 21:14:37'),('Masaka',48,1207,'2024-02-10 21:14:37','2024-02-10 21:14:37'),('Nebbi',48,1208,'2024-02-10 21:14:37','2024-02-10 21:14:37'),('Kanungu',48,1209,'2024-02-10 21:14:37','2024-02-10 21:14:37'),('Gulu',48,1210,'2024-02-10 21:14:37','2024-02-10 21:14:37'),('Jinja',48,1211,'2024-02-10 21:14:37','2024-02-10 21:14:37'),('Kotido',48,1212,'2024-02-10 21:14:37','2024-02-10 21:14:37'),('Kyenjojo',48,1213,'2024-02-10 21:14:37','2024-02-10 21:14:37'),('Soroti',48,1214,'2024-02-10 21:14:37','2024-02-10 21:14:37'),('Kalangala',48,1215,'2024-02-10 21:14:37','2024-02-10 21:14:37'),('Tororo',48,1216,'2024-02-10 21:14:37','2024-02-10 21:14:37'),('Adjumani',48,1217,'2024-02-10 21:14:37','2024-02-10 21:14:37'),('Nakasongola',48,1218,'2024-02-10 21:14:37','2024-02-10 21:14:37'),('Apac',48,1219,'2024-02-10 21:14:37','2024-02-10 21:14:37'),('Rukungiri',48,1220,'2024-02-10 21:14:37','2024-02-10 21:14:37'),('Ndola',49,1221,'2024-02-10 21:14:37','2024-02-10 21:14:37'),('Kalomo',49,1222,'2024-02-10 21:14:37','2024-02-10 21:14:37'),('Siavonga',49,1223,'2024-02-10 21:14:37','2024-02-10 21:14:37'),('Kitwe',49,1224,'2024-02-10 21:14:37','2024-02-10 21:14:37'),('Lusaka',49,1225,'2024-02-10 21:14:37','2024-02-10 21:14:37'),('Livingstone',49,1226,'2024-02-10 21:14:37','2024-02-10 21:14:37'),('Macha',49,1227,'2024-02-10 21:14:37','2024-02-10 21:14:37'),('Mumbwa',49,1228,'2024-02-10 21:14:37','2024-02-10 21:14:37'),('Solwezi',49,1229,'2024-02-10 21:14:37','2024-02-10 21:14:37'),('Gwanda',50,1230,'2024-02-10 21:14:37','2024-02-10 21:14:37'),('Bulawayo',50,1231,'2024-02-10 21:14:37','2024-02-10 21:14:37'),('Victoria Falls',50,1232,'2024-02-10 21:14:37','2024-02-10 21:14:37'),('Greendale',50,1233,'2024-02-10 21:14:37','2024-02-10 21:14:37'),('Kwekwe',50,1234,'2024-02-10 21:14:37','2024-02-10 21:14:37'),('Chinhoyi',50,1235,'2024-02-10 21:14:37','2024-02-10 21:14:37'),('Mutare',50,1236,'2024-02-10 21:14:37','2024-02-10 21:14:37'),('Harare',50,1237,'2024-02-10 21:14:37','2024-02-10 21:14:37'),('Mufakose',50,1238,'2024-02-10 21:14:37','2024-02-10 21:14:37');
/*!40000 ALTER TABLE `cities` ENABLE KEYS */;
UNLOCK TABLES;

--
-- Table structure for table `countries`
--

DROP TABLE IF EXISTS `countries`;
/*!40101 SET @saved_cs_client     = @@character_set_client */;
/*!50503 SET character_set_client = utf8mb4 */;
CREATE TABLE `countries` (
  `name` varchar(50) NOT NULL,
  `id` int NOT NULL AUTO_INCREMENT,
  `created_at` datetime DEFAULT NULL,
  `updated_at` datetime DEFAULT NULL,
  PRIMARY KEY (`id`),
  UNIQUE KEY `name` (`name`)
) ENGINE=InnoDB AUTO_INCREMENT=51 DEFAULT CHARSET=utf8mb4 COLLATE=utf8mb4_0900_ai_ci;
/*!40101 SET character_set_client = @saved_cs_client */;

--
-- Dumping data for table `countries`
--

LOCK TABLES `countries` WRITE;
/*!40000 ALTER TABLE `countries` DISABLE KEYS */;
INSERT INTO `countries` VALUES ('Algeria',1,'2024-02-10 21:14:30','2024-02-10 21:14:30'),('Angola',2,'2024-02-10 21:14:31','2024-02-10 21:14:31'),('Benin',3,'2024-02-10 21:14:31','2024-02-10 21:14:31'),('Botswana',4,'2024-02-10 21:14:31','2024-02-10 21:14:31'),('Burkina Faso',5,'2024-02-10 21:14:31','2024-02-10 21:14:31'),('Burundi',6,'2024-02-10 21:14:31','2024-02-10 21:14:31'),('Cameroon',7,'2024-02-10 21:14:31','2024-02-10 21:14:31'),('Central African Republic',8,'2024-02-10 21:14:31','2024-02-10 21:14:31'),('Chad',9,'2024-02-10 21:14:31','2024-02-10 21:14:31'),('Comoros',10,'2024-02-10 21:14:31','2024-02-10 21:14:31'),('Djibouti',11,'2024-02-10 21:14:31','2024-02-10 21:14:31'),('Egypt',12,'2024-02-10 21:14:31','2024-02-10 21:14:31'),('Equatorial Guinea',13,'2024-02-10 21:14:32','2024-02-10 21:14:32'),('Eritrea',14,'2024-02-10 21:14:32','2024-02-10 21:14:32'),('Ethiopia',15,'2024-02-10 21:14:32','2024-02-10 21:14:32'),('Gabon',16,'2024-02-10 21:14:32','2024-02-10 21:14:32'),('Gambia',17,'2024-02-10 21:14:32','2024-02-10 21:14:32'),('Ghana',18,'2024-02-10 21:14:32','2024-02-10 21:14:32'),('Guinea',19,'2024-02-10 21:14:32','2024-02-10 21:14:32'),('Guinea-Bissau',20,'2024-02-10 21:14:32','2024-02-10 21:14:32'),('Ivory Coast',21,'2024-02-10 21:14:32','2024-02-10 21:14:32'),('Kenya',22,'2024-02-10 21:14:33','2024-02-10 21:14:33'),('Lesotho',23,'2024-02-10 21:14:33','2024-02-10 21:14:33'),('Liberia',24,'2024-02-10 21:14:33','2024-02-10 21:14:33'),('Libya',25,'2024-02-10 21:14:33','2024-02-10 21:14:33'),('Madagascar',26,'2024-02-10 21:14:33','2024-02-10 21:14:33'),('Malawi',27,'2024-02-10 21:14:33','2024-02-10 21:14:33'),('Mali',28,'2024-02-10 21:14:33','2024-02-10 21:14:33'),('Mauritania',29,'2024-02-10 21:14:33','2024-02-10 21:14:33'),('Mauritius',30,'2024-02-10 21:14:33','2024-02-10 21:14:33'),('Mayotte',31,'2024-02-10 21:14:33','2024-02-10 21:14:33'),('Morocco',32,'2024-02-10 21:14:33','2024-02-10 21:14:33'),('Mozambique',33,'2024-02-10 21:14:34','2024-02-10 21:14:34'),('Namibia',34,'2024-02-10 21:14:34','2024-02-10 21:14:34'),('Niger',35,'2024-02-10 21:14:34','2024-02-10 21:14:34'),('Nigeria',36,'2024-02-10 21:14:34','2024-02-10 21:14:34'),('Rwanda',37,'2024-02-10 21:14:34','2024-02-10 21:14:34'),('Réunion',38,'2024-02-10 21:14:34','2024-02-10 21:14:34'),('Senegal',39,'2024-02-10 21:14:35','2024-02-10 21:14:35'),('Sierra Leone',40,'2024-02-10 21:14:35','2024-02-10 21:14:35'),('Seychelles',41,'2024-02-10 21:14:35','2024-02-10 21:14:35'),('Somalia',42,'2024-02-10 21:14:35','2024-02-10 21:14:35'),('South Africa',43,'2024-02-10 21:14:35','2024-02-10 21:14:35'),('Sudan',44,'2024-02-10 21:14:36','2024-02-10 21:14:36'),('Tanzania',45,'2024-02-10 21:14:37','2024-02-10 21:14:37'),('Togo',46,'2024-02-10 21:14:37','2024-02-10 21:14:37'),('Tunisia',47,'2024-02-10 21:14:37','2024-02-10 21:14:37'),('Uganda',48,'2024-02-10 21:14:37','2024-02-10 21:14:37'),('Zambia',49,'2024-02-10 21:14:37','2024-02-10 21:14:37'),('Zimbabwe',50,'2024-02-10 21:14:37','2024-02-10 21:14:37');
/*!40000 ALTER TABLE `countries` ENABLE KEYS */;
UNLOCK TABLES;

--
-- Table structure for table `donors`
--

DROP TABLE IF EXISTS `donors`;
/*!40101 SET @saved_cs_client     = @@character_set_client */;
/*!50503 SET character_set_client = utf8mb4 */;
CREATE TABLE `donors` (
  `id` varchar(50) NOT NULL,
  `username` varchar(50) NOT NULL,
  `email` varchar(50) NOT NULL,
  `password_hash` varchar(80) NOT NULL,
  `phone_number` varchar(20) DEFAULT NULL,
  `full_name` varchar(50) NOT NULL,
  `age` int NOT NULL,
  `gender` enum('Male','Female') DEFAULT NULL,
  `blood_category` enum('A+','A-','B+','B-','AB+','AB-','O+','O-') DEFAULT NULL,
  `created_at` datetime DEFAULT NULL,
  `updated_at` datetime DEFAULT NULL,
  PRIMARY KEY (`id`),
  UNIQUE KEY `username` (`username`),
  UNIQUE KEY `email` (`email`),
  UNIQUE KEY `phone_number` (`phone_number`)
) ENGINE=InnoDB DEFAULT CHARSET=utf8mb4 COLLATE=utf8mb4_0900_ai_ci;
/*!40101 SET character_set_client = @saved_cs_client */;

--
-- Dumping data for table `donors`
--

LOCK TABLES `donors` WRITE;
/*!40000 ALTER TABLE `donors` DISABLE KEYS */;
INSERT INTO `donors` VALUES ('P72bUkTbJTmKbhYa5nPDf4','Chareeef','youssef.charif.h@gmail.com','$2b$12$MyYwOHF8l1MX1mHgQDv1suGSfGvjTWy9KT.YT8a6DFujOjNI4n7dG',NULL,'Youssef Charif Hamidi',21,'Male','AB+','2024-02-10 22:45:29','2024-02-10 22:45:29');
/*!40000 ALTER TABLE `donors` ENABLE KEYS */;
UNLOCK TABLES;

--
-- Table structure for table `donors_centers`
--

DROP TABLE IF EXISTS `donors_centers`;
/*!40101 SET @saved_cs_client     = @@character_set_client */;
/*!50503 SET character_set_client = utf8mb4 */;
CREATE TABLE `donors_centers` (
  `center_id` varchar(50) DEFAULT NULL,
  `donor_id` varchar(50) DEFAULT NULL,
  KEY `center_id` (`center_id`),
  KEY `donor_id` (`donor_id`),
  CONSTRAINT `donors_centers_ibfk_1` FOREIGN KEY (`center_id`) REFERENCES `transfusion_centers` (`id`) ON DELETE CASCADE,
  CONSTRAINT `donors_centers_ibfk_2` FOREIGN KEY (`donor_id`) REFERENCES `donors` (`id`) ON DELETE CASCADE
) ENGINE=InnoDB DEFAULT CHARSET=utf8mb4 COLLATE=utf8mb4_0900_ai_ci;
/*!40101 SET character_set_client = @saved_cs_client */;

--
-- Dumping data for table `donors_centers`
--

LOCK TABLES `donors_centers` WRITE;
/*!40000 ALTER TABLE `donors_centers` DISABLE KEYS */;
/*!40000 ALTER TABLE `donors_centers` ENABLE KEYS */;
UNLOCK TABLES;

--
-- Table structure for table `transfusion_centers`
--

DROP TABLE IF EXISTS `transfusion_centers`;
/*!40101 SET @saved_cs_client     = @@character_set_client */;
/*!50503 SET character_set_client = utf8mb4 */;
CREATE TABLE `transfusion_centers` (
  `id` varchar(50) NOT NULL,
  `name` varchar(50) NOT NULL,
  `email` varchar(50) NOT NULL,
  `password_hash` varchar(80) NOT NULL,
  `phone_number` varchar(20) DEFAULT NULL,
  `location` varchar(500) DEFAULT NULL,
  `city_id` int NOT NULL,
  `created_at` datetime DEFAULT NULL,
  `updated_at` datetime DEFAULT NULL,
  PRIMARY KEY (`id`),
  UNIQUE KEY `email` (`email`),
  UNIQUE KEY `phone_number` (`phone_number`),
  KEY `city_id` (`city_id`),
  CONSTRAINT `transfusion_centers_ibfk_1` FOREIGN KEY (`city_id`) REFERENCES `cities` (`id`)
) ENGINE=InnoDB DEFAULT CHARSET=utf8mb4 COLLATE=utf8mb4_0900_ai_ci;
/*!40101 SET character_set_client = @saved_cs_client */;

--
-- Dumping data for table `transfusion_centers`
--

LOCK TABLES `transfusion_centers` WRITE;
/*!40000 ALTER TABLE `transfusion_centers` DISABLE KEYS */;
INSERT INTO `transfusion_centers` VALUES ('3Fu5HaWknvzHxgHqgwxFmL','Annaba TC','annabatc@ex.com','$2b$12$CEmw3FbAJC/04CNoIayzOez3gtCjz7KoFuqCy/ZJ1fy.yjol/AGay',NULL,NULL,10,'2024-02-10 22:55:40','2024-02-10 22:55:40'),('akgQxfJFmx79gTnjWNTApL','Algiers TC','Alg@ex.com','$2b$12$yrstDXU/cAVt3BgFpYqYb.La9jKtT/jsIz6BFx5dgpI69yXQZq7U.','0467899876','https://maps.google.com',20,'2024-02-17 23:13:49','2024-02-17 23:13:49'),('WbFLwTCaNYWygWShXbdXDW','Sahraoui TC','sahraoui@gmail.com','$2b$12$wdob02D5wEXaT6CejNLEeeFzDo2KMW1BmfVgU4stsepsadSSWgzwa',NULL,NULL,506,'2024-02-11 01:45:08','2024-02-11 01:45:08');
/*!40000 ALTER TABLE `transfusion_centers` ENABLE KEYS */;
UNLOCK TABLES;
/*!40103 SET TIME_ZONE=@OLD_TIME_ZONE */;

/*!40101 SET SQL_MODE=@OLD_SQL_MODE */;
/*!40014 SET FOREIGN_KEY_CHECKS=@OLD_FOREIGN_KEY_CHECKS */;
/*!40014 SET UNIQUE_CHECKS=@OLD_UNIQUE_CHECKS */;
/*!40101 SET CHARACTER_SET_CLIENT=@OLD_CHARACTER_SET_CLIENT */;
/*!40101 SET CHARACTER_SET_RESULTS=@OLD_CHARACTER_SET_RESULTS */;
/*!40101 SET COLLATION_CONNECTION=@OLD_COLLATION_CONNECTION */;
/*!40111 SET SQL_NOTES=@OLD_SQL_NOTES */;

-- Dump completed on 2024-02-18  0:07:50
